headword	collocation
ability	cognitive ability
abstract	abstract concept
abuse	sexual abuse
academy	(in) academic circles
academy	academic achievement
academy	academic career
academy	academic community
academy	academic debate
academy	academic discipline
academy	academic discourse
academy	academic institution
academy	academic journal
academy	academic life
academy	academic performance
academy	academic research
academy	academic skills
academy	academic study
academy	academic success
academy	academic work
academy	academic world
academy	academic writing
academy	academic year
accept	accept responsibility
accept	acceptable behaviour
accept	socially acceptable
accept	widespread acceptance
accept	(be) commonly accepted
accept	(be) generally accepted
accept	(be) universally accepted
accept	(be) widely accepted
access	allow access (to)
access	deny access (to)
access	direct access
access	easy access
access	electronic access
access	equal access
access	free access
access	gain access (to)
access	give access (to)
access	have access (to)
access	internet access
access	limited access
access	online access
access	open access
access	provide access (to)
access	public access
access	ready access
access	unlimited access
access	easily accessible
access	readily accessible
account	brief account
account	comprehensive account
account	historical account
accurate	great accuracy
accurate	accurate assessment
accurate	accurate description
accurate	accurate information
accurate	accurate measurement
accurate	accurate picture
accurate	accurate record
achieve	achieve (a) goal
achieve	achieve (an) objective
achieve	achieve (an) outcome
acquire	acquire knowledge
acquire	newly acquired
act	sexual act
act	appropriate action
act	collective action
act	legal action
act	military action
act	positive action
act	active involvement
act	active participant
act	active participation
act	active role
act	(be) actively involved
act	political activism
act	commercial activity
act	cultural activity
act	economic activity
act	engage in (an) activity
act	human activity
act	learning activity
act	physical activity
act	political activity
act	professional activity
act	related activity
act	social activity
act	undertake (an) activity
acute	particularly acute
acute	acutely aware
add	add information
additional	additional cost
additional	additional information
additional	additional problem
additional	additional resources
additional	additional support
address	address (an) issue
adjust	structural adjustment
adjust	make adjustments
administrate	public administration
administrate	administrative practices
adopt	adopt (a) procedure
adopt	adopt (an) approach
adopt	(be) widely adopted
advance	advanced economy
advance	advanced technology
advance	technological advances
advantage	major advantage
adverse	adverse effect
adverse	adverse reaction
adverse	adversely affect
affair	economic affairs
affair	financial affairs
affair	internal affairs
affect	affect (the) development (of)
affect	affect (the) outcome
affect	directly affect
affect	severely affect
affect	significantly affect
affect	(be) directly affected
agency	federal agency
agency	regulatory agency
agenda	political agenda
agenda	set (the) agenda
agree	generally agree
agree	strongly agree
agree	broad agreement
agree	general agreement
agree	international agreement
agree	reach (an) agreement
agree	strongly disagree
aim	overall aim
aim	primary aim
allocate	allocate resources
ally	(be) closely allied (to
ally	with)
almost	almost identical
alternative	alternative approach
alternative	alternative explanation
alternative	alternative form
alternative	alternative interpretion
alternative	alternative means
alternative	alternative method
alternative	alternative model
alternative	alternative solution
alternative	alternative source
alternative	alternative strategy
alternative	alternative view
alternative	alternative way
alternative	provide (an) alternative
amount	(a) considerable amount (of)
amount	(a) huge amount (of)
amount	(a) significant amount (of)
amount	(a) substantial amount (of)
amount	(a) vast amount (of)
amount	(an) enormous amount (of)
ample	ample evidence
analyse	careful analysis
analyse	comparative analysis
analyse	conduct (an) analysis
analyse	critical analysis
analyse	detailed analysis
analyse	economic analysis
analyse	final analysis
analyse	full analysis
analyse	further analysis
analyse	historical analysis
analyse	qualitative analysis
analyse	quantitative analysis
analyse	statistical analysis
analyse	subsequent analysis
analyse	systematic analysis
analyse	textual analysis
analyse	thematic analysis
analyse	theoretical analysis
analyse	use (the) analysis
analyse	analytical approach
analyse	analytical tool
ancestor	common ancestor
anecdotal	anecdotal evidence
annual	annual conference
annual	annual meeting
annual	annual rate
annual	annual report
annual	annual review
answer	final answer
apparent	become apparent
apparent	immediately apparent
apparent	particularly apparent
appearance	physical appearance
apply	apply (a) method
apply	apply (the) theory
apply	apply equally
approach	common approach
approach	comprehensive approach
approach	critical approach
approach	develop (an) approach
approach	flexible approach
approach	general approach
approach	holistic approach
approach	integrated approach
approach	logical approach
approach	methodological approach
approach	qualitative approach
approach	quantitative approach
approach	similar approach
approach	standard approach
approach	systematic approach
approach	take (an) approach
approach	theoretical approach
approach	traditional approach
approach	use (an) approach
appropriate	appropriate behaviour
appropriate	appropriate conditions
appropriate	appropriate data
appropriate	appropriate form
appropriate	appropriate language
appropriate	appropriate level
appropriate	appropriate point
appropriate	appropriate response
appropriate	appropriate skills
appropriate	appropriate treatment
appropriate	appropriate way
appropriate	consider appropriate
appropriate	deem appropriate
appropriate	particularly appropriate
appropriate	seem appropriate
appropriate	respond appropriately
area	complex area
area	core area
area	cover (an) area
area	geographic(al) area
area	identify (an) area
area	key area
area	local area
area	main area
area	major area
area	metropolitan area
area	particular area
area	problem area
area	related area
area	rural area
area	specific area
area	subject area
area	urban area
area	vast area
area	whole area
area	wide area
arena	political arena
argument	compelling argument
argument	counter argument
argument	develop (an) argument
argument	general argument
argument	logical argument
argument	main argument
argument	make (an) argument
argument	present (an) argument
argument	similar argument
argument	support (an) argument
argument	valid argument
armed	armed conflict
arrangement	institutional arrangement
arrangement	make arrangements
array	(a) vast array (of)
array	(a) wide array (of)
article	publish (an) article
artificial	artificial intelligence
aspect	certain aspect
aspect	consider (an) aspect
aspect	cultural aspect
aspect	focus on (an) aspect
aspect	fundamental aspect
aspect	general aspect
aspect	key aspect
aspect	negative aspect
aspect	particular aspect
aspect	positive aspect
aspect	related aspect
aspect	social aspect
aspect	specific aspect
aspect	technical aspect
aspect	various aspects
assess	assess (the) impact (of)
assess	assessment process
assess	make (an) assessment
assess	risk assessment
assign	(be) randomly assigned (to)
assist	financial assistance
assist	medical assistance
assist	provide assistance
assist	technical assistance
associate	associated factors
associate	(be) closely associated (with)
associate	(be) commonly associated (with)
associate	(be) positively associated (with)
associate	(be) strongly associated (with)
assume	assume (the) role (of)
assume	assume responsibility
assume	(be) generally assumed
assume	basic assumption
assume	common assumption
assume	fundamental assumption
assume	make (an) assumption
assume	underlying assumption
assume	certain assumptions
atom	atomic energy
attempt	deliberate attempt
attend	attend (a) conference
attention	careful attention
attention	considerable attention
attention	critical attention
attention	draw attention (to)
attention	focus attention (on)
attitude	change (an) attitude
attitude	negative attitude
attitude	positive attitude
attitude	changing attitudes
attitude	cultural attitudes
attitude	public attitudes
attitude	social attitudes
audience	target audience
audience	wider audience
author	first author
author	original author
authority	central authority
authority	exercise authority
authority	local authority
authority	political authority
authority	public authority
autonomy	greater autonomy
autonomy	relative autonomy
available	available data
available	available evidence
available	available information
available	available resources
available	become available
available	currently available
available	freely available
available	make available
available	publicly available
available	readily available
available	widely available
average	average score
average	national average
aware	become aware
aware	fully aware
aware	increasingly aware
aware	keenly aware
aware	make aware
aware	well aware
aware	greater awareness
aware	growing awareness
aware	increase awareness
aware	increased awareness
aware	increasing awareness
aware	public awareness
aware	raise awareness
background	background knowledge
background	cultural background
background	diverse background
background	historical background
background	social background
base	(be) largely based (on)
base	basic component
base	basic concept
base	basic element
base	basic function
base	basic information
base	basic premise
base	basic principle
base	basic research
base	basic structure
base	basic technique
base	legal basis
base	theoretical basis
bear	bear resemblance (to)
become	become (a) source (of)
become	become (the) focus (of)
become	become blurred
become	become established
become	become evident
become	become independent
become	become involved (with/in)
become	become obvious
become	become visible
become	become widespread
begin	begin (a) process
behave	behave differently
behave	human behaviour
behave	individual behaviour
behave	sexual behaviour
behave	social behaviour
belief	religious belief
belief	widespread belief
belief	(be) widely believed
benefit	beneficial effect
benefit	provide (a) benefit
benefit	economic benefits
benefit	potential benefits
best	(be) best described (as
best	in terms of)
binary	binary opposition
binary	binary system
biological	biological evolution
biological	biological science
biological	biological sex
body	international body
body	professional body
bond	strong bond
boundary	clear boundary
boundary	cultural boundary
boundary	national boundary
brief	brief description
brief	brief discussion
brief	brief history
brief	brief introduction
brief	brief overview
brief	brief period
brief	brief review
brief	brief summary
brief	brief time
brief	briefly describe
brief	briefly discuss
broad	(a) broad range (of)
broad	broad category
broad	broad definition
broad	broad spectrum
broad	broader context
broad	(be) broadly defined
broad	broadly similar
business	business sector
business	business transaction
call	(be) commonly called
capacity	limited capacity
capitalism	global capitalism
capitalism	industrial capitalism
capitalism	capitalist country
capitalism	capitalist economy
capitalism	capitalist society
capitalism	capitalist system
capitalism	capitalist world
care	primary care
care	provide care
care	careful consideration
care	careful thought
care	(be) carefully controlled
care	(be) carefully selected
career	career development
career	career opportunity
carry	carry information
carry out	carry out (the) task
carry out	carry out research (of)
case	civil case
case	exceptional case
case	individual case
case	specific case
cast	cast doubt (on)
category	fall into (the) category (of)
category	general category
category	main category
causal	causal link
causal	causal relation
causal	causal relationship
cause	cause consequences
cause	cause stress
cause	major cause
cause	underlying cause
centre	central concept
centre	central concern
centre	central control
centre	central core
centre	central feature
centre	central focus
centre	central government
centre	central importance
centre	central issue
centre	central part
centre	central point
centre	central position
centre	central problem
centre	central question
centre	central role
centre	central tenet
centre	central theme
centre	urban centre
certain	certain characteristics
certain	certain circumstances
challenge	face (a) challenge
challenge	major challenge
challenge	pose (a) challenge
challenge	present (a) challenge
challenge	serious challenge
change	change constantly
change	change dramatically
change	change rapidly
change	climate change
change	cultural change
change	demographic change
change	dramatic change
change	economic change
change	fundamental change
change	historical change
change	major change
change	minor change
change	radical change
change	significant change
change	structural change
change	technological change
change	environmental changes
change	changing circumstances
change	changing nature
change	changing needs
change	changing pattern
change	changing world
change	ever changing
change	rapidly changing
change	remain unchanged
chapter	final chapter
chapter	following chapter
chapter	introductory chapter
chapter	opening chapter
chapter	preceding chapter
chapter	previous chapter
chapter	subsequent chapter
characteristic	characteristic feature
characteristic	common characteristic
characteristic	defining characteristic
characteristic	key characteristic
characteristic	salient characteristic
characteristic	specific characteristic
characteristic	demographic characteristics
characteristic	individual characteristics
characteristic	main characteristics
characteristic	physical characteristics
characteristic	similar characteristics
charge	(be) highly charged
chemical	chemical reaction
choose	individual choice
choose	personal choice
choose	(be) randomly chosen
circumstance	exceptional circumstances
circumstance	historical circumstances
circumstance	local circumstances
circumstance	personal circumstances
circumstance	political circumstances
circumstance	social circumstances
circumstance	special circumstances
cite	(be) frequently cited
civil	civil society
class	class consciousness
class	lower class
class	ruling class
classic	classic example
classic	classic study
classic	classic text
classic	classic work
classic	classical theory
clear	clear distinction
clear	clear evidence
clear	clear focus
clear	clear indication
clear	clear relationship
clear	clear statement
clear	clear structure
clear	entirely clear
clear	fairly clear
clear	(be) clearly defined
clear	(be) clearly demonstrated
clear	(be) clearly established
clear	(be) clearly identified
clear	(be) clearly related (to)
clear	clearly evident
clear	clearly important
clear	clearly understand
clear	clearly visible
clear	remain unclear
climate	current climate
climate	political climate
climate	climatic conditions
close	close contact
close	close proximity
close	close relationship
close	close scrutiny
close	(be) closely connected (to
close	(be) closely linked (to
close	(be) closely related (to)
close	(be) closely tied
close	closely resemble
close	(on/upon) closer inspection
close	(upon
close	on) closer examination
close	closer look
clue	provide (a) clue
cognitive	cognitive development
cognitive	cognitive skills
collaborative	collaborative learning
colleague	professional colleague
collect	collect data
collect	collect information
collect	collective identity
collect	collective memory
combine	combined effect
come into	come into conflict (with)
come into	come into contact (with)
comment	make (a) comment
comment	written comment
commercial	commercial transaction
commit	commit (a) crime
commit	commit (an) offence
common	common culture
common	common error
common	common feature
common	common goal
common	common method
common	common source
common	common theme
common	common usage
common	fairly common
common	increasingly common
common	relatively common
common	(be) commonly encountered
common	(be) commonly found (in)
common	(be) commonly known (as)
common	(be) commonly referred (to) (as)
common	(be) commonly used
communicate	communicate effectively
communicate	direct communication
communicate	effective communication
communicate	electronic communication
communicate	personal communication
communicate	verbal communication
communicate	written communication
community	ethnic community
community	international community
community	local community
community	rural community
community	scientific community
community	virtual community
community	wider community
compare	comparative research
compare	comparative study
compel	compelling evidence
compel	compelling reason
compete	increased competition
compete	competitive market
compete	competitive pressure
compete	highly competitive
competence	demonstrate competence
complete	complete (a) task
complex	complex interaction
complex	complex issue
complex	complex pattern
complex	complex problem
complex	complex process
complex	complex question
complex	complex relationship
complex	complex set
complex	complex situation
complex	complex structure
complex	complex system
complex	extremely complex
complex	highly complex
complex	increasingly complex
complex	increasing complexity
component	essential component
component	fundamental component
component	individual component
component	key component
component	main component
component	major component
comprehensive	comprehensive overview
comprehensive	comprehensive review
comprehensive	comprehensive system
concentrate	high concentration
concept	defining concept
concept	key concept
concept	theoretical concept
concept	use (the) concept concept
concept	conceptual framework
concern	environmental concern
concern	major concern
concern	primary concern
concern	(be) mainly concerned (with)
concern	(be) particularly concerned (with)
concern	(be) primarily concerned (with)
concerted	concerted effort
conclude	concluding remarks
conclude	concluding section
conclude	draw (a) conclusion
conclude	general conclusion
conclude	lead to (the) conclusion
conclude	logical conclusion
condition	sufficient condition
condition	conditional probability
condition	create conditions
condition	economic conditions
condition	experimental conditions
condition	living conditions
condition	natural conditions
condition	normal conditions
conduct	conduct (a) study
conduct	conduct (a) survey
conduct	conduct (an) interview
conduct	conduct research
confer	hold (a) conference
confer	international conference
confer	national conference
confine	(be) largely confined (to)
conflict	conflict resolution
conflict	internal conflict
conflict	political conflict
conflict	potential conflict
conflict	resolve (a) conflict
conflict	social conflict
conflict	conflicting interests
connect	(be) directly connected (to
connect	(be) intimately connected (to
connotation	negative connotation
connotation	positive connotation
consciousness	political consciousness
consent	general consensus
consent	political consensus
consent	reach (a) consensus
consent	give consent
consent	informed consent
consequent	direct consequences
consequent	economic consequences
consequent	environmental consequences
consequent	have consequences
consequent	negative consequences
consequent	political consequences
consequent	possible consequences
consequent	serious consequences
consequent	social consequences
consequent	unintended consequences
consider	consider (a) possibility
consider	consider (an) issue
consider	consider (the) impact (of)
consider	consider (the) implications
consider	consider (the) role (of)
consider	consider relevant
consider	ethical consideration
consider	further consideration
consider	give consideration
consider	political consideration
consider	practical consideration
consider	require consideration
consider	take into consideration
consider	(be) generally considered
considerable	(a) considerable degree (of)
considerable	(be of) considerable importance
considerable	(in) considerable detail
considerable	(to a) considerable extent
considerable	considerable debate
considerable	considerable effort
considerable	considerable evidence
considerable	considerable influence
considerable	considerable interest
considerable	considerable research
considerable	considerable support
considerable	considerable variation
considerable	differ considerably
considerable	vary considerably
consist	consistent pattern
consist	consistent results
constant	constant rate
constant	relatively constant
constant	remain constant
constitute	constituent elements
constitute	constituent parts
constrain	impose constraints
construct	social construct
construct	(be) socially constructed
contact	direct contact
contact	first contact
contact	maintain contact
contact	make contact
contact	personal contact
contact	physical contact
contact	sexual contact
contact	social contact
contain	contain (an) element
contain	contain information
contemporary	contemporary debate
contemporary	contemporary issue
contemporary	contemporary life
contemporary	contemporary society
contemporary	contemporary world
context	cultural context
context	economic context
context	global context
context	historical context
context	institutional context
context	international context
context	original context
context	political context
context	present context
context	provide context
context	social context
context	specific context
context	wider context
context	contextual factors
continue	continued existence
continue	continued growth
continue	continued use
continue	continuous process
contrast	marked contrast
contrast	sharp contrast
contrast	stark contrast
contrast	striking contrast
contribute	contribute significantly
contribute	contribute to (the) development (of)
contribute	major contribution
contribute	make (a) contribution
contribute	significant contribution
control	government control
control	internal control
control	personal control
control	(be) tightly controlled
controversy	controversial issue
controversy	highly controversial
convene	conventional view
convene	conventional wisdom
convey	convey (a) message
convey	convey information
convey	convey meaning
convince	convincing evidence
cope	coping strategy
core	core element
core	core issue
core	core skills
core	core value
correct	correct (an) error
correct	correct interpretation
correct	politically correct
correlate	(be) highly correlated (with)
correlate	(be) negatively correlated (with)
correlate	(be) positively correlated (with)
correlate	(be) significantly correlated (with)
correlate	(be) strongly correlated (with)
correlate	high correlation
correlate	negative correlation
correlate	positive correlation
correlate	significant correlation
correlate	strong correlation
cost	rising cost
country	industrial country
country	industrialized country
cover	cover (a) range (of)
cover	cover (a) topic
cover	media coverage
cover	provide coverage
create	create (an) environment
create	create (an) impression
create	create (an) opportunity
create	create opportunities
create	create problems
create	newly created
create	creative process
create	creative thinking
create	creative work
crime	criminal offence
crisis	economic crisis
criteria	meet criteria
criteria	objective criteria
criteria	use criteria
critical	critical essay
critical	critical evaluation
critical	critical examination
critical	critical factor
critical	critical importance
critical	critical inquiry
critical	critical introduction
critical	critical issue
critical	critical perspective
critical	critical point
critical	critical reflection
critical	critical review
critical	critical role
critical	critical scrutiny
critical	critical theory
critical	critical thinking
critical	critical writing
critical	highly critical
critical	critically evaluate
critical	radical critique
crucial	crucial difference
crucial	crucial factor
crucial	crucial importance
crucial	crucial part
crucial	crucial point
crucial	crucial question
crucial	crucial role
culture	cultural differences
culture	cultural dimension
culture	cultural diversity
culture	cultural factors
culture	cultural heritage
culture	cultural history
culture	cultural identity
culture	cultural influence
culture	cultural institution
culture	cultural issue
culture	cultural life
culture	cultural norm
culture	cultural perspective
culture	cultural phenomenon
culture	cultural practice
culture	cultural significance
culture	cultural theory
culture	cultural tradition
culture	cultural values
culture	culturally specific
culture	dominant culture
culture	global culture
culture	local culture
culture	modern culture
culture	national culture
culture	political culture
culture	popular culture
culture	traditional culture
currency	foreign currency
currency	single currency
current	current issue
current	current policy
current	current research
current	current status
current	current technology
current	current trend
customer	potential customer
daily	daily living
damage	environmental damage
dangerous	potentially dangerous
data	data gathering
data	data set
data	empirical data
data	existing data
data	experimental data
data	extract data
data	gather data
data	historical data
data	interpret data
data	missing data
data	numerical data
data	obtain data
data	original data
data	preliminary data
data	present data
data	primary data
data	process data
data	provide data
data	qualitative data
data	quantitative data
data	raw data
data	record data
data	relevant data
data	reliable data
data	report data
data	secondary data
data	statistical data
data	store data
data	survey data
data	transmit data
data	use (the) data data
data	online database
deal	deal (with an) issue
death	premature death
debate	heated debate
debate	ongoing debate
debate	political debate
debate	public debate
debate	theoretical debate
decade	next decade
decade	previous decade
decade	early decades
decade	recent decades
decide	final decision
decide	major decision
decide	strategic decision
deem	deem necessary
deep	(a) deep understanding (of)
deep	(at/on a) deeper level
deep	(be) deeply embedded
deep	(be) deeply rooted
define	defining feature
define	general definition
define	narrow definition
define	precise definition
define	use (the) definition
degradation	environmental degradation
degree	(a) higher degree (of)
degree	(a) significant degree (of)
degree	varying degree
demand	increased demand
demand	increasing demand
democracy	liberal democracy
democracy	social democracy
democracy	western democracy
democracy	democratic institution
democracy	democratic process
democracy	democratic society
democracy	democratic state
demographic	demographic factor
densely	(be) densely populated
department	government department
dependent	dependent variable
dependent	highly dependent
describe	describe (a) procedure
describe	describe (a) method
describe	describe (a) process
describe	previously described
describe	descriptive statistics
design	experimental design
design	urban design
design	(be) specifically designed (to
design	for)
design	well designed
desire	highly desirable
desire	socially desirable
desire	desired outcome
detail	sufficient detail
detail	technical detail
detail	detailed examination
detail	detailed information
detail	detailed study
determined	(be) largely determined (by)
develop	develop (a) method
develop	develop (a) strategy
develop	develop (a) technique
develop	develop (a) theory
develop	(be) fully developed
develop	(be) highly developed
develop	(be) originally developed
develop	encourage (the) development (of)
develop	facilitate (the) development (of)
develop	further development
develop	future development
develop	historical development
develop	industrial development
develop	normal development
develop	physical development
develop	professional development
develop	promote (the) development (of)
develop	regional development
develop	significant development
develop	subsequent development
develop	technological development
develop	urban development
develop	developmental process
develop	developmental stage
diagnostic	diagnostic test
differ	differ significantly
differ	differ widely
differ	fundamental difference
differ	major difference
differ	obvious difference
differ	sexual difference
differ	significant difference
differ	substantial difference
differ	ethnic differences
differ	individual differences
differ	racial differences
differ	radical differences
differ	regional differences
differ	(be) markedly different
differ	entirely different
differ	fundamentally different
differ	qualitatively different
differ	radically different
differ	slightly different
differ	substantially different
differ	totally different
differ	widely different
differ	think differently
differ	treat differently
difficult	increasingly difficult
difficult	encounter difficulties
difficult	experience difficulties
difficult	face difficulties
difficult	learning difficulties
difficult	practical difficulties
difficult	present difficulties
digital	digital information
digital	digital media
digital	digital technology
dilemma	ethical dilemma
dilemma	face (a) dilemma
dilemma	moral dilemma
dimension	political dimension
dimension	social dimension
direct	direct evidence
direct	direct impact
direct	direct involvement
direct	direct link
direct	direct observation
direct	direct relationship
direct	direct role
direct	(be) directly involved (in)
direct	(be) directly linked (to)
direct	(be) directly linked (to
direct	(be) directly proportional (to)
direct	(be) directly related (to)
direct	(be) directly responsible (for)
disaster	natural disaster
disclose	disclose information
discourse	dominant discourse
discourse	public discourse
discourse	scientific discourse
discover	newly discovered
discriminate	face discrimination
discriminate	positive discrimination
discriminate	racial discrimination
discuss	discuss (a) topic
discuss	discuss (an) issue
discuss	(be) widely discussed
discuss	previously discussed
discuss	earlier discussion
discuss	fuller discussion
discuss	preceding discussion
discuss	previous discussion
disperse	(be) widely dispersed
display	public display
dispose	disposable income
dispute	resolve (a) dispute
distinct	distinct group
distinct	distinct type
distinct	draw (a) distinction
distinct	make (a) distinction
distinct	sharp distinction
distinct	distinctive feature
distinguish	distinguishing feature
distribute	(be) widely distributed
distribute	geographic(al) distribution
distribute	normal distribution
diverse	(a) diverse range (of)
diverse	diverse group
diverse	ethnic diversity
diverse	great diversity
divide	(be) further divided (into)
divide	dividing line
document	(be) well documented
documentary	documentary evidence
domain	public domain
domestic	domestic market
domestic	domestic sphere
domestic	domestic violence
dominate	male dominance
dominate	dominant form
dominate	dominant group
dominate	dominant ideology
dominate	dominant paradigm
dominate	dominant position
dominate	dominant role
draft	first draft
drama	dramatic effect
drama	dramatic increase
drama	increase dramatically
draw	draw (a) line
drive	driving force
due	due process
duration	long duration
duration	maximum duration
duration	short duration
dynamic	dynamic equilibrium
dynamic	dynamic nature
dynamic	dynamic process
dynamic	dynamic system
early	earlier period
early	earlier research
early	earlier stage
early	earlier study
early	earlier times
early	earlier version
early	earlier work
early	early study
easy	(be) easily identified
easy	(be) easily understood
economy	economic exploitation
economy	economic factors
economy	economic forces
economy	economic goal
economy	economic growth
economy	economic inequality
economy	economic integration
economy	economic interests
economy	economic policy
economy	economic power
economy	economic prosperity
economy	economic reform
economy	economic relations
economy	economic relationships
economy	economic resources
economy	economic sector
economy	economic stability
economy	economic status
economy	economic structure
economy	economic success
economy	economic system
economy	economic theory
economy	economic value
economy	economic welfare
economy	global economy
economy	local economy
economy	national economy
economy	political economy
economy	rural economy
edit	revised edition
educate	(be) highly educated
educate	well educated
educate	higher education
educate	primary education
educate	secondary education
educate	educational institution
educate	educational opportunity
educate	educational policy
educate	educational programme
educate	educational provision
educate	educational qualification
educate	educational research
educate	educational setting
educate	educational system
effect	negative effect
effect	overall effect
effect	positive effect
effect	profound effect
effect	significant effect
effect	similar effect
effect	effective implementation
effect	effective intervention
effect	effective management
effect	effective method
effect	effective participation
effect	effective policy
effect	effective treatment
effect	highly effective
effect	particularly effective
effect	use effectively
effect	work effectively
effect	environmental effects
efficient	highly efficient
effort	research effort
election	presidential election
electronic	electronic media
electronic	electronic resources
electronic	electronic version
element	essential element
element	individual element
element	key element
element	main element
element	single element
element	structural element
emerge	newly emerging
emission	reduce emissions
emotion	emotional impact
emotion	emotional intelligence
emotion	emotional reaction
emotion	emotional response
emotion	emotional support
emphasis	give emphasis
emphasis	greater emphasis
emphasis	increasing emphasis
emphasis	particular emphasis
emphasis	place emphasis
emphasis	shift emphasis
emphasis	special emphasis
emphasis	strong emphasis
empirical	empirical evidence
empirical	empirical investigation
empirical	empirical research
empirical	empirical study
empirical	empirical support
empirical	empirical work
employ	employ (a) method
employ	employ (a) technique
employ	employment opportunities
employ	full employment
employ	paid employment
employ	high unemployment
employ	low unemployment
encounter	encounter problems
encounter	first encounter
energy	nuclear energy
energy	renewable energy
energy	solar energy
enhance	enhance learning
enhance	enhance performance
enhance	greatly enhance
enormous	enormous impact
entire	(the) entire range (of)
entire	entire period
entire	entirely new
entity	separate entity
entity	single entity
environment	external environment
environment	immediate environment
environment	learning environment
environment	natural environment
environment	physical environment
environment	political environment
environment	social environment
environment	urban environment
environment	environmental factors
environment	environmental impact
environment	environmental issues
environment	environmental policy
environment	environmental pollution
environment	environmental protection
equal	equal opportunity
equal	equal status
equal	equal treatment
equal	roughly equal
equal	gender equality
equal	greater equality
equal	promote equality
equal	racial equality
equal	social equality
equal	equally important
equal	equally likely
equal	equally true
equal	equally valid
equal	treat equally
equal	social inequality
equal	unequal power
equivalent	roughly equivalent
error	random error
error	standard error
essential	essential feature
essential	essential function
essential	essential information
essential	essential role
establish	establish (a) relationship
establish	established order
establish	established practice
establish	established principle
establish	(be) firmly established
establish	(be) well established
establish	long established
establish	newly established
establish	once established
ethic	ethical issue
ethic	ethical principle
ethic	ethical problem
ethic	ethical question
ethnic	ethnic group
ethnic	ethnic identity
ethnic	ethnic minority
ethnic	ethnic origin
event	historical event
ever	ever increasing
evident	experimental evidence
evident	find evidence
evident	further evidence
evident	give evidence
evident	historical evidence
evident	little evidence
evident	present evidence
evident	provide evidence
evident	recent evidence
evident	research evidence
evident	scientific evidence
evident	show evidence
evident	strong evidence
evident	substantial evidence
evident	sufficient evidence
evident	supporting evidence
evident	(be) particularly evident
evolve	evolutionary process
evolve	evolutionary theory
examine	examine (the) role (of)
example	obvious example
example	prime example
example	provide (an) example
example	specific example
example	striking example
example	typical example
exception	notable exception
exclude	social exclusion
exclude	mutually exclusive
exist	existing research
exist	existing structure
expand	expand rapidly
expand	rapid expansion
expect	high expectations
expect	meet expectations
expect	social expectations
expend	government expenditure
expend	public expenditure
experience	experience problems
experience	individual experience
experience	personal experience
experience	previous experience
experience	prior experience
experience	professional experience
experience	shared experience
experience	experiential learning
experiment	experimental method
experiment	experimental research
experiment	experimental results
experiment	experimental study
experiment	experimental work
expert	expert opinion
expert	technical expertise
explain	further explanation
explain	give (an) explanation
explain	plausible explanation
explain	possible explanation
explain	provide (an) explanation
explain	explanatory power
explicit	make explicit
explicit	state explicitly
exploit	sexual exploitation
explore	explore (an) issue
explore	explore further
expression	facial expression
extend	extended period
extend	extensive research
extend	(be) extensively used
external	external factors
external	external forces
external	external influences
external	external source
external	external threat
external	external world
extract	extract information
extreme	extremely powerful
extreme	extremely sensitive
extreme	extremely useful
extreme	extremely valuable
face	face (a) problem
fact	factual information
factor	key factor
factor	main factor
factor	major factor
factor	related factor
factor	significant factor
factor	specific factor
factor	historical factors
factor	identify factors
factor	political factors
factor	relevant factors
factor	social factors
fair	fair treatment
fair	fairly obvious
fair	fairly straightforward
fair	unfair treatment
faith	religious faith
family	nuclear family
far	(be) far removed (from)
feature	general feature
feature	key feature
feature	main feature
feature	major feature
feature	particular feature
feature	positive feature
feature	prominent feature
feature	salient feature
feature	significant feature
feature	specific feature
feature	striking feature
feature	structural feature
feature	identify features
feature	physical features
federal	federal government
federal	federal state
feedback	give feedback
feedback	negative feedback
feedback	positive feedback
feedback	provide feedback
feedback	receive feedback
feminist	feminist movement
few	relatively few
field	field research
figure	significant figures
final	final outcome
final	final phase
final	final point
final	final position
final	final product
final	final result
final	final section
final	final stage
final	final step
final	final version
finance	financial institution
finance	financial management
finance	financial market
finance	financial problem
finance	financial resources
finance	financial support
find	find information
find	key findings
find	main findings
find	preliminary findings
find	report findings
find	research findings
finite	finite number
finite	infinite number
first	first generation
first	first impression
first	first phase
first	first priority
flexible	greater flexibility
flow	information flow
focal	focal point
focus	main focus
focus	major focus
focus	particular focus
focus	primary focus
focus	provide (a) focus
focus	specific focus
follow	follow (a) format
follow	follow (a) procedure
follow	follow instructions
follow	immediately following
force	military force
force	powerful force
foreign	foreign investment
foreign	foreign investor
foreign	foreign policy
form	modified form
form	specific form
form	traditional form
form	newly formed
formal	formal structure
format	standard format
format	use (a) format
formula	general formula
found	(be) frequently found
found	(be) generally found
foundation	provide (a) foundation (for)
fraction	small fraction
framework	institutional framework
framework	legal framework
framework	regulatory framework
framework	theoretical framework
free	free movement
free	religious freedom
frequency	high/er frequency
frequency	low/er frequency
frequency	(be) frequently referred (to)
frequency	(be) frequently used
frequency	occur frequently
fulfil	fulfil (an) obligation
full	(a
full	the) full range (of)
full	full information
full	full participation
full	full potential
full	(be) fully informed
full	(be) fully integrated
full	(be) fully realized
full	fully understand
function	main function
function	perform (a) function
function	primary function
function	serve (a) function
function	social function
function	specific function
function	functional requirement
fund	public funds
fundamental	fundamental importance
fundamental	fundamental principle
fundamental	fundamental problem
fundamental	fundamental question
further	further information
further	further investigation
further	further research
further	further study
future	future prospects
future	future research
future	future study
gain	gain information
gain	gain insight (into)
gather	gather information
gather	information gathering
gender	gender stereotype
general	general overview
general	general principle
general	general statement
general	general tendency
general	general theory
general	general trend
general	(be) generally known (as
general	by)
generation	next generation
generation	previous generation
generation	younger generation
genetic	genetic variation
geography	geographic(al) location
get	get involved (with/in)
give	give (a) presentation
give	give (an) indication (of)
give	give (an) overview (of)
give	give (sb an) impression
give	give (sb) treatment
give	give priority (to)
give	give guidance
give	give information
give	give insight (into)
give	given information
give	given period
globe	global issue
globe	global market
globe	global marketplace
globe	global media
globe	global network
globe	global perspective
globe	global shift
globe	global structure
globe	global trade
globe	global village
goal	set (a) goal
goal	ultimate goal
goods	imported goods
government	government intervention
government	government policy
government	local government
government	municipal government
government	national government
government	representative government
graphical	graphical representation
great	(a) great proportion (of)
great	(a) great range (of)
great	great impact
great	great majority
great	great potential
great	great significance
great	greater likelihood
great	(be) greatly influenced (by)
great	(be) greatly reduced
great	greatly increase
great	vary greatly
group	homogeneous group
group	minority group
group	powerful group
group	racial group
group	religious group
group	vulnerable group
grow	grow rapidly
grow	growing trend
grow	rapidly growing
grow	significant growth
guide	provide guidance
guide	guiding principle
hardly	hardly surprising
harm	potential harm
have	have (a) strategy
have	have (a) tendency (to)
have	have (an) obligation
have	have limitations
have	have potential
health	mental health
health	physical health
heavy	(be) heavily influenced (by)
heavy	rely heavily (on)
help	seek help
hierarchy	hierarchical structure
high	(a) high proportion (of)
high	high incidence
high	high intensity
high	high level
high	high order
high	high percentage
high	high priority
high	high probability
high	high profile
high	high quality
high	high rate
high	high score
high	high standard
high	high status
high	high turnover
high	high value
high	relatively high
high	significantly higher
high	slightly higher
high	(be) highly structured
high	(be) highly valued
high	highly influential
high	highly likely
high	highly problematic
high	highly relevant
high	highly selective
high	highly sensitive
high	highly significant
high	highly skilled
high	highly sophisticated
high	highly successful
high	highly unlikely
high	highly variable
history	historical interpretation
history	historical knowledge
history	historical period
history	historical perspective
history	historical reality
history	historical record
history	historical roots
history	historical study
history	historical writing
history	historically specific
history	natural history
history	oral history
human	human interaction
human	human society
human	human species
ideally	(be) ideally suited
identify	identify (a) problem
identify	identify (a) way
identify	identify (an) issue
identify	multiple identities
identify	national identity
identify	political identity
identify	religious identity
identify	sexual identity
identify	social identity
ideology	political ideology
ignorant	(be) largely ignored
illness	mental illness
illustrate	provide (an) illustration
image	positive image
image	public image
image	visual image
immediate	immediately obvious
immediate	immediately preceding
impact	likely impact
impact	little impact
impact	major impact
impact	make (an) impact
impact	negative impact
impact	positive impact
impact	potential impact
impact	profound impact
impact	significant impact
implement	successful implementation
imply	major implications
imply	political implications
imply	social implications
imply	wider implications
import	imported products
important	(be of) paramount importance
important	(be of) vital importance
important	increased importance
important	increasing importance
important	perceived importance
important	strategic importance
important	increasingly important
impose	impose limitations
impose	impose restrictions
impossible	virtually impossible
impression	make (an) impression
improve	improved performance
improve	significant improvement
income	low income
income	middle income
income	national income
income	total income
increase	increase (the) likelihood
increase	significant increase
increase	significantly increase
increase	increased interest
increase	increased level
increase	increased number
increase	increased pressure
increase	increased production
increase	increased productivity
increase	increased risk
increase	(a) increasing proportion (of)
increase	increasing interest
increase	increasing pressure
increase	increasing tendency
increase	increasing trend
increase	increasingly popular
increase	increasingly sophisticated
independent	independent state
independent	independent variable
indicate	provide (an) indication (of)
indigenous	indigenous people
indigenous	indigenous population
individual	individual interests
individual	individual item
individual	individual needs
individual	individual response
individual	individual responsibility
individual	individual rights
individual	individual variable
individual	individual variation
individual	particular individual
individual	private individual
individual	single individual
individual	unique individual
industrial	industrial production
industrial	industrial society
industrial	industrialized nation
inextricably	(be) inextricably linked (to
influence	major influence
influence	positive influence
influence	powerful influence
influence	significant influence
influence	(be) strongly influenced (by)
influence	particularly influential
information	information processing
information	information retrieval
information	information sharing
information	limited information
information	little information
information	necessary information
information	obtain information
information	personal information
information	process information
information	provide information
information	receive information
information	related information
information	relevant information
information	reliable information
information	seek information
information	share information
information	specific information
information	statistical information
information	store information
information	sufficient information
information	transmit information
information	useful information
information	valuable information
initial	initial period
initial	initial phase
initial	initial position
initial	initial research
initial	initial stage
initiate	new initiative
initiate	take initiative
innovate	technological innovation
insight	new insight
insight	offer insight (into)
insight	provide insight (into)
institute	national institution
institute	political institution
institute	public institution
institute	social institution
institute	institutional structure
institute	institutional support
integral	integral part
integrate	integrated system
integrate	social integration
intellectual	intellectual property
intellectual	intellectual work
intend	(be) originally intended
intend	original intent
intense	low intensity
intense	intensive study
interact	significant interaction
interact	social interaction
intercourse	sexual intercourse
interest	national interest
interest	personal interest
interest	renewed interest
interest	vested interest
interest	interested party
internal	internal market
internal	internal organ
internal	internal structure
international	international journal
international	international organization
international	international treaty
interpersonal	interpersonal relationships
interpersonal	interpersonal skills
interpret	literal interpretation
intimate	intimate relationship
intrinsic	intrinsic value
introduce	introduce legislation
introduce	introductory section
introduce	introductory text
invest	private investment
investigate	scientific investigation
isolate	social isolation
issue	key issue
issue	legal issue
issue	main issue
issue	major issue
issue	methodological issue
issue	practical issue
issue	raise (an) issue
issue	real issue
issue	related issue
issue	relevant issue
issue	similar issue
issue	single issue
issue	special issue
issue	specific issue
issue	technical issue
issue	theoretical issue
issue	wider issue
journal	online journal
journal	publish (a) journal
journal	scholarly journal
judgement	make(a) judgement
key	key objective
key	key player
key	key policy
key	key principle
key	key role
key	key source
key	key text
key	key theme
key	key topic
know	(be) widely known
know	previously known
knowledge	personal knowledge
knowledge	previous knowledge
knowledge	prior knowledge
knowledge	professional knowledge
knowledge	require knowledge
knowledge	specific knowledge
knowledge	tacit knowledge
knowledge	technical knowledge
language	national language
language	natural language
language	verbal language
large	(a) large proportion (of)
large	(a) large range (of)
large	large majority
large	large percentage
large	large portion
large	large quantities (of)
large	(be) largely responsible (for)
later	later work
later	later writings
law	natural law
lead	opinion leader
lead	party leader
lead	political leader
lead	leading role
learn	learning objective
learn	learning outcome
learn	learning process
learn	learning resources
learn	learning strategy
learn	lifelong learning
legal	legal obligation
legal	legal position
legal	legal proceedings
legal	legal protection
legal	legal requirement
legal	legal right
legal	legal rule
legal	legal status
legal	legal system
legislate	national legislation
legislate	proposed legislation
legislate	legislative measures
legislate	legislative power
level	low level
level	minimum level
level	overall level
level	stress level
likely	reduce (the) likelihood
likely	likely outcome
likely	seem unlikely
limit	(a) limited range (of)
limit	limited opportunity
limit	limited resources
line	linear relationship
link	strong link
link	(be) strongly linked
literal	(in a) literal sense
literal	literal meaning
literary	literary text
literary	literary tradition
literature	published literature
literature	relevant literature
literature	scholarly literature
little	little research
little	little significance
little	relatively little
living	living organism
living	living standard
living	make (a) living
longitudinal	longitudinal study
low	low percentage
low	low priority
low	low probability
low	low profile
low	low quality
low	low status
low	low turnover
low	relatively low
main	main principle
main	main source
main	main task
main	main theme
major	major part
major	major problem
major	major reason
major	major role
major	major shift
major	major source
major	major theme
major	overwhelming majority
major	simple majority
major	vast majority
make	make (a) prediction
make	make (a) recommendation
make	make (a) statement
make	make (a) transition
make	make (an) observation
make	make policy
make	make provision
make	make visible
manage	middle management
manage	senior management
manage	strategic management
manage	top management
manual	manual worker
manufacture	manufacturing sector
market	national market
material	provide material
material	published material
material	relevant material
material	source material
material	useful material
mean	mean score
meaning	original meaning
meaning	particular meaning
meaning	shared meaning
meaning	specific meaning
meaning	(in a) meaningful way
means	useful means
media	national media
media	popular media
media	visual media
medical	medical treatment
meet	meet (a) target
meet	meet (a) requirement
meet	meet (an) objective
member	prominent member
mental	mental state
mention	previously mentioned
merit	relative merits
method	modern method
method	qualitative method
method	quantitative method
method	scientific method
method	standard method
method	statistical method
method	traditional method
method	use (a) method
method	methodological problem
method	research methodology
method	use (a) methodology
migrate	migrant worker
military	military power
military	military service
minimum	minimum requirement
minimum	minimum standard
minimum	minimum value
minimum	minimum wage
minor	minor role
minor	relatively minor
minor	small minority
mobility	social mobility
mobility	political mobilization
model	original model
model	theoretical model
modern	modern society
modern	modern technology
modify	modified version
moral	moral philosophy
moral	moral principle
motive	(be) politically motivated
movement	national movement
movement	political movement
movement	religious movement
movement	social movement
multiple	multiple sources
mutual	mutual recognition
mutual	mutual support
mutual	mutual trust
mutual	mutual understanding
narrow	(a) narrow range (of)
nation	national policy
nation	national press
nation	national security
nation	national survey
native	native speaker
nature	natural order
nature	natural philosophy
nature	natural process
nature	natural resources
nature	natural right
nature	natural science
nature	natural tendency
nature	natural world
nature	naturally occurring
nature	occur naturally
nature	precise nature
need	perceived need
need	physical needs
need	specific needs
negate	negative outcome
negate	negative side
negate	negative stereotype
negate	negative value
negate	negative view
new	new perspective
next	next phase
norm	social norm
normal	normal practice
nuclear	nuclear power
nuclear	nuclear war
nuclear	nuclear weapon
number	significant number
number	substantial number
number	vast number
number	numerical value
number	numerous studies
objective	objective reality
objective	primary objective
objective	set (an) objective
objective	strategic objective
objective	scientific objectivity
obtain	obtain (a) result
obvious	obvious point
obvious	obvious reason
obvious	seem obvious
offence	serious offence
offer	offer (an) opportunity
official	official statistics
ongoing	ongoing process
online	online version
open	opening section
opportunity	provide (an) opportunity
opportunity	unique opportunity
oppose	(be) strongly opposed
optimal	optimal solution
oral	oral presentation
organise	organising principle
organise	political organization
organise	social organization
organise	organizational structure
orient	sexual orientation
origin	original position
origin	original research
origin	original source
origin	original text
origin	original version
origin	original work
outcome	positive outcome
outcome	possible outcome
overall	overall performance
overall	overall picture
overall	overall rate
overall	overall structure
overview	provide (an) overview (of)
panel	solar panel
paragraph	previous paragraph
parameter	set (the) parameters
part	previous part
part	significant part
part	substantial part
part	vital part
part	(be) partly responsible (for)
participate	political participation
particular	(be) particularly suited (to)
particular	particularly relevant
particular	particularly sensitive
particular	particularly significant
particular	particularly striking
particular	particularly successful
particular	particularly useful
particular	particularly valuable
party	political party
party	ruling party
party	third party
past	past research
pattern	similar pattern
peace	peace treaty
peak	reach (a) peak
perceive	perceived threat
perceive	public perception
perceive	visual perception
percent	small percentage
perform	perform (a) study
perform	perform (a) task
perform	superior performance
period	short period
period	whole period
personal	personal quality
personal	personal relationship
personal	personal responsibility
personal	personal safety
personal	personal space
perspective	theoretical perspective
phenomenon	social phenomenon
philosophy	political philosophy
physical	physical presence
physical	physical properties
physical	physical proximity
physical	physical science
physical	physical space
physical	physical symptom
physical	physical world
pilot	pilot study
pioneering	pioneering work
pivotal	pivotal role
planning	planning stage
planning	strategic planning
plausible	seem plausible
play	play (a) role (in)
policy	public policy
policy	security policy
policy	social policy
political	political instability
political	political reality
political	political reform
political	political representation
political	political significance
political	political spectrum
political	political stability
political	political status
political	political structure
poorly	(be) poorly understood
population	(be) sparsely populated
population	rural population
portion	significant portion
portion	small portion
pose	pose (a) problem
pose	pose (a) question
pose	pose (a) threat (to)
position	privileged position
position	unique position
positive	positive relationship
positive	positive result
positive	positive value
positive	positive view
possible	possible source
potential	potential problem
potential	potential risk
potential	potential source
potential	potential value
power	predictive power
power	purchasing power
power	solar power
power	powerful tool
practical	practical significance
practice	professional practice
practice	reflective practice
practice	religious practice
practice	traditional practice
precede	take precedence (over)
precede	preceding section
preferential	preferential treatment
preliminary	preliminary result
present	present (a) summary
previous	previous research
previous	previous section
previous	previous study
previous	previous work
previous	previously thought
primary	(be) primarily responsible (for)
primary	primary purpose
primary	primary reason
primary	primary research
primary	primary responsibility
primary	primary source
primary	primary task
prime	prime time
principal	principal source
principle	underlying principle
private	private sector
private	private sphere
problem	related problem
problem	specific problem
problem	technical problem
proceed	use (a) procedure
process	slow process
process	start (a) process
process	thinking process
process	thought process
process	underlying process
professional	professional qualification
professional	professional staff
professional	professional standard
professional	professional status
professional	professional support
professional	professional training
professional	professional work
progress	technological progress
prominent	prominent role
properly	(be) properly understood
property	similar properties
property	structural properties
proportion	(a) significant proportion (of)
proportion	(a) small proportion (of)
prove	prove successful
prove	prove useful
provide	provide (a) service
provide	provide (a) source
provide	provide (a) summary
provide	provide resources
provide	provide support
public	public sector
public	public sphere
public	public transport
public	public welfare
public	wider public
publish	publish (a) report
publish	publish research
publish	published research
publish	published work
purpose	specific purpose
purposes	(for) research purposes
qualitative	qualitative research
qualitative	qualitative study
quantity	quantitative research
quantity	quantitative result
quantity	quantitative study
quantity	small quantities (of)
quantity	vast quantities (of)
question	raise (a) question
question	reflective question
question	related question
question	specific question
racial	racial stereotype
radical	radical transformation
random	random sample
random	random variable
random	(be) randomly selected
range	(a) vast range (of)
range	(a) whole range (of)
range	(a) wide range (of)
rare	relatively rare
react	strong reaction
read	widely read
ready	(be) readily understood
reason	underlying reason
receive	receive treatment
receive	well received
recent	recent research
recent	recent study
recent	recent survey
recent	relatively recent
reciprocal	reciprocal relationship
recognize	(be) widely recognized
recurrent	recurrent theme
reduce	reduce stress
reduce	(be) significantly reduced
reduce	significant reduction
refer	specific reference
reform	social reform
reform	welfare reform
regarded	(be) widely regarded (as)
region	regional variation
relate	related topic
relate	(be) strongly related (to)
relate	significant relationship
relate	social relationship
relate	special relationship
relate	strong relationship
relate	symbiotic relationship
relate	relative status
relate	relatively simple
relate	relatively stable
relate	relatively straightforward
remain	remain stable
remark	remarkably similar
representation	schematic representation
representation	visual representation
require	require resources
research	research topic
research	scholarly research
research	scientific research
research	traditional research
research	undertake research
resource	scarce resources
resource	sufficient resources
resource	use resources
resource	valuable resources
responsible	social responsibility
responsible	take responsibility
responsible	socially responsible
result	similar result
review	review (a) study
revise	revised version
rich	rich source
role	significant role
role	take (a) role (in)
role	take on (the) role (of
role	as)
role	take up (the) role (of
role	vital role
rural	rural society
safe	safe sex
scholarly	scholarly work
science	scientific theory
score	test score
secondary	secondary source
sector	service sector
sector	state sector
seminal	seminal study
seminal	seminal work
sense	specific sense
set	set (a) target
setting	social setting
sex	sexual violence
share	shared values
share	widely shared
shift	significant shift
show	show (a) tendency
show	show (a) trend
show	show variation
sign	sign (a) treaty
significant	social significance
significant	statistical significance
significant	significant variation
significant	statistically significant
significant	vary significantly
similar	similar situation
simple	simplified version
single	single source
single	single variable
skill	technical skill
skill	transferable skill
skill	skilled worker
skill	unskilled worker
social	social status
social	social structure
social	social theory
social	social transformation
social	social trend
social	social welfare
social	traditional society
social	western society
social	wider society
social	socioeconomic status
solar	solar system
source	use (a) source
source	useful source
sovereign	sovereign state
sparingly	use sparingly
special	special status
specific	specific type
state	written statement
statistic	statistical technique
statistic	statistical test
statistic	use statistics
strategy	teaching strategy
strategy	use (a) strategy
strong	strong tendency
strong	strongly suggest
structure	underlying structure
study	subsequent study
study	systematic study
study	theoretical study
subsequent	subsequent work
summary	useful summary
support	technical support
support	widespread support
system	transport system
technical	technical term
technique	use (a) technique
test	test (a) theory
theory	theoretical understanding
theory	theoretical work
theory	use (a) theory
tool	useful tool
tradition	western tradition
tradition	traditional value
tradition	traditional view
transform	undergo transformation
undertake	undertake work
use	widespread use
use	(be) widely used
vary	wide variation
vary	vary widely
