rank	word	pos	coca_acad_freq	acad_ratio
1	study	n	137208	2.52
2	group	n	122011	1.72
3	system	n	110176	1.79
4	social	j	99744	2.39
5	provide	v	93212	2.01
6	however	r	90906	2.1
7	research	n	83325	2.3
8	level	n	78162	2.07
9	result	n	72083	2.05
10	include	v	70098	1.69
11	important	j	67258	1.51
12	process	n	66382	2.01
13	use	n	64527	2.15
14	development	n	63509	2.23
15	data	n	63480	2.62
16	information	n	61931	1.58
17	effect	n	60078	2.04
18	change	n	59284	1.69
19	table	n	59158	1.54
20	policy	n	58987	1.77
21	university	n	57835	1.62
22	model	n	57310	2.2
23	experience	n	56541	1.86
24	activity	n	55151	2.28
25	human	j	54672	1.74
26	history	n	53474	1.5
27	develop	v	52543	2.02
28	suggest	v	52412	1.84
29	economic	j	52368	1.89
30	low	j	51858	1.54
31	relationship	n	50744	1.93
32	both	r	49946	1.53
33	value	n	49900	1.97
34	require	v	49554	1.8
35	role	n	49426	1.81
36	difference	n	49081	1.93
37	analysis	n	48500	2.85
38	practice	n	47915	2.06
39	society	n	47060	1.89
40	thus	r	46287	2.69
41	control	n	45690	1.64
42	form	n	45275	1.9
43	report	v	44666	1.64
44	rate	n	44493	1.65
45	significant	j	44415	2.44
46	figure	n	44084	1.92
47	factor	n	43871	2.43
48	interest	n	43498	1.51
49	culture	n	42561	2.06
50	need	n	42193	1.82
51	base	v	42082	1.8
52	population	n	40902	2.08
53	international	j	40746	1.61
54	technology	n	40104	1.84
55	individual	n	39359	2.32
56	type	n	38893	1.85
57	describe	v	38500	1.75
58	indicate	v	38022	2.34
59	image	n	38020	1.7
60	subject	n	37608	2.02
61	science	n	37253	1.92
62	material	n	37206	1.97
63	produce	v	37198	1.65
64	condition	n	36933	1.88
65	identify	v	36820	2.22
66	knowledge	n	36633	2.36
67	support	n	36597	1.7
68	performance	n	36344	1.96
69	project	n	36260	1.51
70	response	n	36231	2.08
71	approach	n	36092	2.14
72	support	v	36072	1.52
73	period	n	35597	1.8
74	organization	n	35398	1.7
75	increase	v	35289	1.89
76	environmental	j	35191	2.26
77	source	n	34883	1.7
78	nature	n	34413	1.91
79	cultural	j	34239	2.46
80	resource	n	33989	2.07
81	century	n	33736	1.68
82	strategy	n	33515	2.19
83	theory	n	33143	2.36
84	product	n	33132	1.53
85	method	n	33105	2.49
86	goal	n	33049	1.79
87	likely	j	32958	1.68
88	note	v	32829	1.87
89	represent	v	32705	1.81
90	general	j	31754	1.66
91	article	n	31513	1.85
92	similar	j	31385	1.9
93	environment	n	31116	2.08
94	language	n	31095	1.79
95	determine	v	31067	1.95
96	structure	n	30887	2.31
97	section	n	30856	2.05
98	common	j	30755	1.78
99	occur	v	30702	1.91
100	current	j	30626	1.67
101	available	j	30610	1.56
102	present	v	30357	1.97
103	term	n	29927	1.61
104	reduce	v	29853	1.69
105	measure	n	29534	2.16
106	involve	v	29330	1.6
107	movement	n	29315	1.68
108	specific	j	28840	2.22
109	focus	v	28692	1.57
110	region	n	28595	1.82
111	relate	v	28592	2.35
112	individual	j	28495	2.19
113	quality	n	28155	1.75
114	establish	v	27926	2.0
115	author	n	27714	1.51
116	seek	v	27629	1.53
117	compare	v	27616	1.86
118	growth	n	27328	1.75
119	natural	j	27263	1.6
120	various	j	27132	1.9
121	standard	n	26890	1.75
122	example	n	26843	1.84
123	management	n	26648	1.91
124	scale	n	26610	2.5
125	argue	v	26358	1.68
126	degree	n	26200	1.68
127	design	n	26112	1.73
128	concern	n	25937	1.52
129	state	v	25860	1.74
130	therefore	r	25808	2.36
131	examine	v	25731	2.32
132	pattern	n	25705	2.07
133	researcher	n	25445	2.34
134	task	n	25244	2.09
135	traditional	j	25145	1.88
136	finding	n	24873	2.8
137	positive	j	24803	2.03
138	central	j	24774	1.53
139	act	n	24769	1.58
140	impact	n	24599	1.79
141	reflect	v	24309	1.94
142	recognize	v	24165	1.56
143	context	n	24121	2.67
144	relation	n	23867	2.13
145	maintain	v	23831	1.79
146	African	j	23820	2.21
147	concept	n	23812	2.31
148	discussion	n	23781	1.94
149	associate	v	23565	2.49
150	design	v	23346	1.65
151	particularly	r	23286	1.51
152	purpose	n	23214	1.88
153	address	v	23176	1.87
154	define	v	23125	2.22
155	particular	j	23040	1.78
156	benefit	n	23018	1.52
157	survey	n	22873	2.21
158	effective	j	22853	2.07
159	apply	v	22641	1.73
160	contain	v	22632	1.77
161	understanding	n	22450	2.3
162	production	n	22378	1.73
163	form	v	22341	1.63
164	association	n	22245	1.64
165	reveal	v	22238	1.68
166	range	n	22219	1.74
167	affect	v	22206	1.73
168	attitude	n	22142	2.05
169	status	n	22138	2.11
170	necessary	j	22087	1.76
171	function	n	21755	2.54
172	indeed	r	21728	1.54
173	present	j	21652	2.33
174	global	j	21589	1.84
175	conflict	n	21511	2.03
176	achieve	v	21493	1.99
177	conduct	v	21428	1.98
178	critical	j	21381	1.93
179	perform	v	21379	1.66
180	discuss	v	21017	1.53
181	exist	v	20901	1.73
182	improve	v	20714	1.65
183	observe	v	20645	2.2
184	demonstrate	v	20624	2.3
185	unit	n	20604	1.63
186	total	j	20559	1.69
187	modern	j	20470	1.72
188	literature	n	20400	2.52
189	result	v	20138	2.21
190	experience	v	20056	1.89
191	principle	n	20005	2.18
192	element	n	19799	1.95
193	challenge	n	19765	1.53
194	control	v	19621	1.53
195	historical	j	19615	2.34
196	aspect	n	19409	2.16
197	perspective	n	19185	2.15
198	basic	j	19145	1.81
199	measure	v	19093	2.16
200	tradition	n	19091	1.93
201	belief	n	19073	2.14
202	western	j	19006	1.67
203	procedure	n	18907	2.12
204	test	v	18883	1.58
205	category	n	18881	2.25
206	tend	v	18816	1.61
207	technique	n	18672	2.04
208	outcome	n	18636	2.56
209	significantly	r	18615	2.74
210	generally	r	18534	1.83
211	future	j	18385	1.88
212	mean	n	18373	2.07
213	importance	n	18368	2.38
214	application	n	18335	2.31
215	feature	n	18310	1.78
216	influence	n	18105	2.07
217	basis	n	17933	1.94
218	interaction	n	17901	3.01
219	refer	v	17809	1.69
220	communication	n	17757	1.8
221	negative	j	17740	2.15
222	primary	j	17725	2.18
223	characteristic	n	17663	2.92
224	European	j	17512	1.81
225	lack	n	17504	1.75
226	obtain	v	17489	2.32
227	potential	j	17472	1.8
228	variety	n	17471	1.68
229	component	n	17228	2.54
230	following	j	17205	2.11
231	access	n	17146	1.55
232	contribute	v	17112	1.84
233	assume	v	16971	1.53
234	express	v	16963	1.76
235	tool	n	16929	1.76
236	promote	v	16903	1.83
237	participate	v	16873	2.06
238	labor	n	16780	1.57
239	engage	v	16753	1.89
240	review	n	16718	1.82
241	additional	j	16683	1.81
242	highly	r	16676	1.83
243	appropriate	j	16638	2.07
244	publish	v	16448	1.52
245	encourage	v	16413	1.59
246	successful	j	16409	1.5
247	assess	v	16198	2.68
248	view	v	16190	1.93
249	client	n	16181	1.52
250	instrument	n	16121	2.23
251	relatively	r	16084	1.99
252	meaning	n	16027	2.17
253	limit	v	15973	1.79
254	increase	n	15833	1.65
255	directly	r	15805	1.51
256	previous	j	15796	1.64
257	demand	n	15792	1.69
258	vision	n	15772	1.57
259	female	j	15711	1.81
260	attempt	n	15566	1.59
261	influence	v	15499	2.34
262	independent	j	15475	1.62
263	solution	n	15396	1.55
264	direct	j	15254	1.91
265	conclusion	n	15194	2.14
266	presence	n	15105	1.6
267	scientific	j	15091	2.1
268	ethnic	j	15041	2.22
269	complex	j	15016	2.05
270	active	j	14938	1.83
271	male	n	14900	1.8
272	claim	n	14844	1.67
273	participation	n	14841	2.81
274	focus	n	14735	1.75
275	contrast	n	14666	2.22
276	failure	n	14596	1.66
277	internal	j	14532	2.15
278	journal	n	14411	1.99
279	multiple	j	14263	2.28
280	facility	n	14147	1.54
281	user	n	14141	2.16
282	emerge	v	14077	1.55
283	protection	n	14048	1.55
284	extent	n	14021	2.12
285	male	j	14008	1.83
286	mental	j	13983	1.85
287	explore	v	13872	1.87
288	consequence	n	13866	1.93
289	generate	v	13865	2.04
290	content	n	13707	1.99
291	device	n	13669	1.75
292	requirement	n	13576	2.18
293	broad	j	13566	1.61
294	observation	n	13512	2.5
295	visual	j	13475	2.39
296	difficulty	n	13377	1.95
297	regional	j	13153	1.85
298	perceive	v	13146	2.51
299	ie	r	13129	3.08
300	urban	j	13119	1.78
301	female	n	13060	2.02
302	capacity	n	13001	2.01
303	increased	j	12996	2.23
304	ensure	v	12973	1.92
305	select	v	12852	1.95
306	moreover	r	12762	2.6
307	emphasize	v	12685	2.18
308	institute	n	12650	1.57
309	extend	v	12623	1.56
310	connection	n	12620	1.52
311	sector	n	12563	2.11
312	commitment	n	12532	1.76
313	interpretation	n	12483	2.63
314	evaluate	v	12392	2.54
315	conclude	v	12359	1.82
316	notion	n	12286	1.84
317	increasingly	r	12280	1.7
318	domestic	j	12267	1.64
319	consist	v	12201	2.41
320	reference	n	12151	1.99
321	initial	j	12096	2.05
322	adopt	v	12066	1.72
323	comparison	n	12058	2.3
324	depend	v	12016	1.55
325	attempt	v	12012	1.73
326	standard	j	11991	1.88
327	predict	v	11984	1.7
328	employ	v	11963	2.05
329	definition	n	11955	2.23
330	essential	j	11870	2.02
331	contact	n	11847	1.51
332	frequently	r	11800	1.89
333	colleague	n	11797	1.56
334	actual	j	11772	1.8
335	account	v	11722	1.98
336	dimension	n	11722	2.57
337	theme	n	11702	1.68
338	largely	r	11684	1.71
339	link	v	11650	1.77
340	desire	n	11634	1.58
341	overall	j	11602	1.96
342	useful	j	11584	2.07
343	consistent	j	11557	2.3
344	distribution	n	11539	2.47
345	minority	n	11538	1.53
346	analyze	v	11523	2.39
347	range	v	11521	1.88
348	psychological	j	11472	2.39
349	unique	j	11454	1.73
350	experiment	n	11408	2.03
351	trend	n	11407	1.67
352	exchange	n	11401	1.5
353	percentage	n	11300	1.76
354	objective	n	11293	2.44
355	implication	n	11291	2.45
356	contribution	n	11291	1.77
357	enable	v	11242	2.23
358	organize	v	11191	1.62
359	specifically	r	11133	1.9
360	currently	r	11126	1.65
361	emotional	j	11103	1.57
362	locate	v	11035	1.65
363	primarily	r	10992	2.13
364	scholar	n	10992	2.06
365	enhance	v	10980	2.3
366	improvement	n	10976	1.87
367	flow	n	10970	1.92
368	estimate	v	10905	1.71
369	phase	n	10870	2.22
370	rural	j	10841	1.9
371	typically	r	10841	1.91
372	above	r	10820	1.5
373	long-term	j	10807	1.66
374	core	n	10713	1.83
375	volume	n	10676	1.68
376	approximately	r	10656	2.3
377	limited	j	10632	1.85
378	propose	v	10626	1.59
379	framework	n	10591	2.86
380	existing	j	10580	2.06
381	creation	n	10529	1.98
382	code	n	10521	1.53
383	emphasis	n	10485	2.25
384	industrial	j	10459	1.76
385	external	j	10434	2.8
386	waste	n	10380	1.8
387	potential	n	10370	1.93
388	climate	n	10272	1.78
389	explanation	n	10158	1.87
390	technical	j	10149	1.89
391	mechanism	n	10105	2.52
392	description	n	10073	2.0
393	vary	v	10043	2.19
394	reduction	n	10007	2.04
395	discipline	n	9933	2.07
396	construct	v	9897	2.25
397	equal	j	9869	1.63
398	origin	n	9810	2.34
399	rely	v	9772	1.6
400	fundamental	j	9763	2.1
401	transition	n	9705	1.93
402	assumption	n	9697	2.36
403	German	j	9678	1.56
404	existence	n	9678	1.97
405	formal	j	9602	1.96
406	manner	n	9562	1.56
407	assistance	n	9560	1.78
408	combination	n	9515	1.55
409	increasing	j	9445	2.08
410	hypothesis	n	9411	3.12
411	phenomenon	n	9371	2.19
412	planning	n	9334	1.87
413	error	n	9333	1.87
414	household	n	9330	1.64
415	cite	v	9319	1.58
416	lack	v	9312	1.65
417	judgment	n	9304	1.59
418	constitute	v	9255	2.57
419	relevant	j	9249	2.44
420	typical	j	9237	1.54
421	selection	n	9227	1.8
422	incorporate	v	9227	2.25
423	illustrate	v	9224	2.01
424	cycle	n	9171	1.88
425	depression	n	9140	1.72
426	consideration	n	9110	2.1
427	previously	r	9090	1.95
428	arise	v	9054	2.23
429	developing	j	9039	2.2
430	separate	j	8997	1.54
431	recognition	n	8954	2.05
432	mode	n	8943	2.36
433	similarly	r	8941	2.39
434	resistance	n	8931	1.86
435	furthermore	r	8899	2.83
436	diversity	n	8885	2.07
437	practical	j	8867	1.87
438	anxiety	n	8862	1.99
439	acquire	v	8856	1.66
440	characterize	v	8768	2.44
441	differ	v	8759	2.56
442	review	v	8692	1.65
443	interpret	v	8685	2.3
444	creative	j	8655	1.59
445	limitation	n	8646	2.51
446	resolution	n	8610	1.51
447	implementation	n	8609	3.02
448	numerous	j	8550	1.81
449	significance	n	8540	2.43
450	revolution	n	8496	1.64
451	philosophy	n	8494	1.79
452	display	v	8482	1.64
453	professional	n	8458	2.0
454	publication	n	8447	1.93
455	variation	n	8445	2.4
456	derive	v	8435	2.56
457	alternative	n	8425	1.6
458	widely	r	8383	1.69
459	permit	v	8351	1.66
460	alternative	j	8342	2.06
461	merely	r	8338	1.52
462	initiative	n	8323	1.63
463	employment	n	8265	1.96
464	regard	v	8263	1.6
465	estimate	n	8208	1.92
466	effectively	r	8203	2.0
467	cooperation	n	8125	2.08
468	transform	v	8091	1.64
469	absence	n	8064	1.93
470	imply	v	8064	2.2
471	comprehensive	j	8015	2.23
472	observer	n	7997	1.92
473	nevertheless	r	7989	2.0
474	testing	n	7978	1.87
475	link	n	7959	1.62
476	evolution	n	7924	2.31
477	intellectual	j	7910	2.2
478	signal	n	7885	1.51
479	passage	n	7884	1.62
480	facilitate	v	7881	2.85
481	discovery	n	7873	1.65
482	biological	j	7869	1.93
483	introduction	n	7867	2.22
484	boundary	n	7865	2.14
485	substantial	j	7810	1.93
486	ratio	n	7806	2.43
487	strongly	r	7800	1.76
488	theoretical	j	7758	3.04
489	gain	n	7755	1.6
490	general	r	7739	1.9
491	settlement	n	7714	1.55
492	independence	n	7682	1.64
493	yield	v	7676	1.99
494	formation	n	7661	2.38
495	insight	n	7621	2.09
496	territory	n	7593	1.54
497	conventional	j	7590	1.88
498	inform	v	7547	1.54
499	index	n	7538	1.91
500	crucial	j	7517	1.72
501	racial	j	7499	1.55
502	detect	v	7491	2.04
503	poverty	n	7484	1.61
504	agricultural	j	7473	2.31
505	distinction	n	7455	2.16
506	relative	j	7440	2.38
507	identification	n	7420	2.46
508	shift	n	7361	1.57
509	monitor	v	7319	1.64
510	domain	n	7319	2.74
511	integration	n	7308	2.7
512	whole	n	7303	1.59
513	subsequent	j	7281	2.43
514	strategic	j	7274	1.88
515	preference	n	7256	2.21
516	profession	n	7248	2.02
517	apparent	j	7246	1.78
518	assign	v	7218	1.82
519	joint	j	7213	1.52
520	Asian	j	7192	1.57
521	exception	n	7150	1.65
522	dependent	j	7128	2.32
523	presentation	n	7080	2.01
524	proportion	n	7065	2.16
525	universal	j	7031	1.8
526	norm	n	7026	2.33
527	tendency	n	6999	2.18
528	considerable	j	6984	2.0
529	respectively	r	6968	2.73
530	equally	r	6964	1.59
531	resolve	v	6955	1.5
532	competitive	j	6948	1.52
533	related	j	6945	2.44
534	symbol	n	6944	1.56
535	consumption	n	6944	2.21
536	calculate	v	6941	2.14
537	dominant	j	6931	2.27
538	extensive	j	6924	1.96
539	barrier	n	6916	1.73
540	advanced	j	6915	1.92
541	motor	n	6890	1.57
542	adjustment	n	6879	2.16
543	shape	v	6871	1.62
544	integrate	v	6866	2.45
545	dominate	v	6864	1.53
546	establishment	n	6858	1.95
547	entry	n	6842	1.53
548	visible	j	6815	1.52
549	stability	n	6794	1.98
550	efficiency	n	6778	2.08
551	sequence	n	6768	2.18
552	hence	r	6745	2.61
553	process	v	6739	1.83
554	given	j	6735	2.05
555	sufficient	j	6716	2.14
556	dialogue	n	6692	1.84
557	distinct	j	6653	2.24
558	enterprise	n	6651	1.61
559	transformation	n	6642	2.25
560	scope	n	6610	2.12
561	assert	v	6594	2.15
562	capability	n	6567	1.95
563	reflection	n	6520	1.77
564	precisely	r	6507	1.65
565	electronic	j	6505	1.51
566	decline	n	6498	1.77
567	distinguish	v	6497	2.22
568	retain	v	6468	1.76
569	expansion	n	6454	1.75
570	evolve	v	6448	1.83
571	incentive	n	6377	1.7
572	survival	n	6372	1.65
573	recommendation	n	6348	1.73
574	structural	j	6340	2.63
575	possess	v	6327	1.8
576	encounter	v	6302	1.71
577	membership	n	6295	1.99
578	rapidly	r	6283	1.58
579	adapt	v	6283	1.83
580	utility	n	6259	1.54
581	initially	r	6255	1.67
582	intention	n	6250	1.53
583	rapid	j	6238	1.96
584	collective	j	6238	2.13
585	reinforce	v	6207	2.17
586	ethical	j	6188	2.2
587	exhibit	v	6170	2.13
588	ongoing	j	6114	1.81
589	function	v	6084	2.08
590	communicate	v	6070	1.59
591	valuable	j	6049	1.56
592	detailed	j	6021	1.96
593	potentially	r	6015	1.67
594	wealth	n	6009	1.51
595	trait	n	5999	2.39
596	administrative	j	5980	2.21
597	initiate	v	5979	2.28
598	adequate	j	5975	2.09
599	ideal	j	5965	1.69
600	instance	n	5962	1.8
601	alter	v	5957	1.74
602	indicator	n	5934	2.43
603	strengthen	v	5930	1.9
604	statistics	n	5918	1.55
605	thereby	r	5895	2.57
606	accurate	j	5885	1.62
607	assembly	n	5858	1.73
608	acceptance	n	5840	2.15
609	stress	v	5837	1.75
610	stable	j	5834	1.71
611	guideline	n	5832	1.83
612	justify	v	5803	1.67
613	profile	n	5790	1.51
614	statistical	j	5788	2.76
615	attribute	v	5775	2.05
616	scenario	n	5761	1.58
617	document	v	5749	2.01
618	exclude	v	5741	2.14
619	advance	v	5725	1.54
620	regardless	r	5719	1.68
621	sustain	v	5708	1.77
622	consensus	n	5689	1.95
623	mutual	j	5660	1.63
624	radical	j	5628	1.67
625	commonly	r	5597	2.32
626	virtue	n	5575	2.01
627	equation	n	5574	2.44
628	evident	j	5558	2.09
629	processing	n	5558	2.55
630	dynamics	n	5548	2.47
631	vessel	n	5517	1.62
632	efficient	j	5493	1.71
633	practitioner	n	5482	2.6
634	highlight	v	5464	1.87
635	successfully	r	5461	1.83
636	intensity	n	5456	1.89
637	complexity	n	5456	2.26
638	input	n	5428	2.5
639	mainly	r	5374	1.55
640	functional	j	5374	2.57
641	consequently	r	5366	2.74
642	agriculture	n	5346	1.82
643	distribute	v	5345	1.62
644	myth	n	5334	1.73
645	scheme	n	5333	1.65
646	ethics	n	5312	1.73
647	vital	j	5310	1.58
648	exceed	v	5303	1.85
649	summary	n	5293	2.49
650	manufacturing	n	5291	1.76
651	format	n	5290	2.19
652	technological	j	5277	2.21
653	convert	v	5273	1.57
654	database	n	5243	2.07
655	innovation	n	5240	2.04
656	obligation	n	5234	1.61
657	demographic	j	5229	2.7
658	inquiry	n	5215	1.86
659	output	n	5179	2.42
660	etc	r	5164	1.67
661	bias	n	5141	2.23
662	extension	n	5140	1.71
663	empirical	j	5127	3.22
664	guide	v	5111	1.56
665	widespread	j	5110	1.79
666	prominent	j	5102	1.51
667	nonetheless	r	5049	1.81
668	logic	n	5037	1.9
669	maintenance	n	5032	1.63
670	principal	j	5030	1.81
671	helpful	j	5025	1.58
672	simultaneously	r	5012	2.05
673	constraint	n	5006	2.71
674	dynamic	j	4965	2.23
675	circuit	n	4953	1.67
676	ritual	n	4925	1.82
677	economics	n	4885	1.61
678	proposed	j	4877	1.54
679	workshop	n	4872	1.59
680	changing	j	4871	1.75
681	undertake	v	4863	2.24
682	discrimination	n	4857	1.59
683	greatly	r	4838	1.84
684	graph	n	4816	2.58
685	restriction	n	4805	1.59
686	motivate	v	4794	1.85
687	compose	v	4790	1.77
688	autonomy	n	4765	2.71
689	frequent	j	4743	1.66
690	aim	n	4735	1.86
691	accuracy	n	4734	2.15
692	acceptable	j	4729	1.78
693	maximum	j	4721	1.91
694	restrict	v	4714	1.85
695	conception	n	4712	2.61
696	comprise	v	4707	2.45
697	heritage	n	4686	1.54
698	consistently	r	4649	1.87
699	province	n	4646	1.57
700	migration	n	4615	2.44
701	minimize	v	4607	2.09
702	spectrum	n	4603	2.04
703	entity	n	4578	2.05
704	modify	v	4569	2.27
705	realm	n	4559	2.05
706	absolute	j	4555	1.56
707	array	n	4535	1.78
708	shared	j	4534	2.05
709	counterpart	n	4532	1.96
710	interact	v	4529	2.31
711	render	v	4512	1.78
712	separation	n	4493	1.91
713	concern	v	4493	1.67
714	abstract	j	4464	2.07
715	foster	v	4459	2.32
716	exploration	n	4442	1.98
717	parameter	n	4426	2.93
718	continuous	j	4420	1.63
719	well-being	n	4416	2.34
720	colony	n	4413	1.79
721	undermine	v	4402	1.82
722	uncertainty	n	4384	1.81
723	superior	j	4380	1.64
724	civilization	n	4376	1.66
725	conceptual	j	4374	3.0
726	transmission	n	4373	1.82
727	paradigm	n	4356	2.83
728	diagram	n	4347	2.64
729	classify	v	4316	2.35
730	expertise	n	4300	1.91
731	inventory	n	4299	1.98
732	continued	j	4289	1.51
733	occupation	n	4281	1.56
734	prediction	n	4280	1.75
735	improved	j	4279	2.07
736	everyday	j	4274	1.53
737	underlying	j	4259	2.17
738	access	v	4229	1.97
739	encounter	n	4224	1.68
740	spatial	j	4188	3.15
741	adoption	n	4182	1.64
742	readily	r	4182	1.99
743	quantity	n	4168	1.98
744	productivity	n	4145	2.06
745	integrated	j	4145	2.45
746	explicitly	r	4141	2.71
747	ownership	n	4134	1.66
748	net	j	4132	1.59
749	sensitivity	n	4130	2.21
750	prior	j	4126	2.23
751	reliable	j	4108	1.6
752	compliance	n	4101	2.26
753	availability	n	4095	2.39
754	systematic	j	4090	2.75
755	historically	r	4075	1.78
756	probability	n	4068	2.55
757	traditionally	r	4061	1.74
758	advocate	v	4060	1.81
759	informal	j	4048	2.23
760	aggression	n	4042	2.17
761	acquisition	n	4040	1.81
762	critique	n	4033	2.46
763	likelihood	n	4020	2.23
764	similarity	n	4010	2.29
765	inherent	j	4001	2.46
766	actively	r	4000	2.08
767	govern	v	3996	1.7
768	ethnicity	n	3964	2.55
769	integrity	n	3951	1.53
770	emerging	j	3947	2.09
771	selected	j	3945	2.42
772	specify	v	3928	2.4
773	likewise	r	3927	2.18
774	correspond	v	3924	2.74
775	sphere	n	3924	2.2
776	stimulus	n	3918	1.7
777	linear	j	3915	2.88
778	infrastructure	n	3913	1.53
779	model	v	3902	2.07
780	inclusion	n	3894	2.69
781	explicit	j	3893	2.36
782	socially	r	3891	2.17
783	forum	n	3887	1.54
784	research	v	3879	1.61
785	convey	v	3876	1.68
786	weakness	n	3851	1.52
787	virtual	j	3846	1.55
788	necessity	n	3821	1.76
789	hierarchy	n	3815	2.55
790	obstacle	n	3800	1.51
791	import	n	3798	1.83
792	equality	n	3795	2.14
793	productive	j	3785	1.77
794	dilemma	n	3768	1.84
795	progressive	j	3763	1.87
796	conversion	n	3747	2.15
797	socioeconomic	j	3743	3.01
798	classification	n	3734	2.82
799	label	v	3721	1.52
800	articulate	v	3710	2.27
801	continuing	j	3703	1.54
802	random	j	3701	1.51
803	transaction	n	3695	1.63
804	profound	j	3694	1.61
805	required	j	3687	2.01
806	ideal	n	3683	2.02
807	rational	j	3678	2.03
808	summarize	v	3678	2.67
809	value	v	3661	1.69
810	attribute	n	3644	2.57
811	identical	j	3636	1.66
812	subsequently	r	3623	2.33
813	objective	j	3620	2.32
814	sum	n	3613	1.64
815	isolation	n	3609	1.9
816	consistency	n	3599	2.19
817	sustainable	j	3586	2.08
818	representative	j	3586	1.6
819	positively	r	3572	2.34
820	survey	v	3569	1.54
821	calculation	n	3566	2.06
822	overall	r	3563	1.57
823	comparable	j	3562	2.08
824	revolutionary	j	3549	1.67
825	minimal	j	3547	1.87
826	isolate	v	3545	1.7
827	willingness	n	3539	1.79
828	flexibility	n	3518	1.87
829	imagery	n	3517	2.34
830	promotion	n	3517	1.54
831	residential	j	3517	1.53
832	developed	j	3513	2.19
833	short	r	3511	1.53
834	adaptation	n	3499	2.32
835	recipient	n	3484	1.59
836	neutral	j	3477	1.79
837	monitoring	n	3473	2.27
838	beneficial	j	3469	2.22
839	exclusively	r	3443	1.91
840	precise	j	3438	1.55
841	substantially	r	3433	2.11
842	flexible	j	3431	1.76
843	conceive	v	3415	1.73
844	problematic	j	3415	2.5
845	persist	v	3413	1.86
846	valid	j	3409	2.01
847	embody	v	3384	2.23
848	stimulate	v	3381	1.88
849	modification	n	3373	2.42
850	artifact	n	3365	1.83
851	subjective	j	3348	2.73
852	extended	j	3347	1.62
853	diminish	v	3344	1.59
854	expected	j	3343	1.77
855	combined	j	3331	1.65
856	attain	v	3309	2.34
857	comparative	j	3301	2.89
858	partial	j	3297	1.89
859	fixed	j	3294	1.79
860	matrix	n	3271	2.52
861	innovative	j	3269	1.77
862	influential	j	3225	1.7
863	voluntary	j	3224	1.93
864	induce	v	3211	2.26
865	expenditure	n	3211	2.12
866	stem	v	3208	1.56
867	accurately	r	3201	2.03
868	monetary	j	3183	2.05
869	patent	n	3174	1.71
870	emergence	n	3151	2.49
871	outline	v	3147	1.75
872	appreciation	n	3128	1.69
873	rejection	n	3126	2.03
874	favorable	j	3125	1.94
875	known	j	3102	1.7
876	morality	n	3097	2.06
877	namely	r	3096	2.31
878	philosopher	n	3091	2.09
879	experienced	j	3084	1.65
880	manipulate	v	3081	1.63
881	tolerance	n	3077	1.82
882	solely	r	3071	1.84
883	resulting	j	3063	2.23
884	modem	n	3057	2.3
885	census	n	3054	1.66
886	vertical	j	3043	1.67
887	accordingly	r	3039	2.34
888	preliminary	j	3036	1.7
889	commodity	n	3035	1.75
890	temporal	j	3025	3.02
891	short-term	j	3023	1.63
892	distinctive	j	3023	1.84
893	logical	j	3021	1.75
894	globalization	n	3018	2.52
895	premise	n	3010	1.74
896	exploit	v	3010	1.65
897	inadequate	j	2998	1.97
898	desirable	j	2987	2.14
899	dependence	n	2982	2.38
900	clarify	v	2980	1.95
901	considerably	r	2967	1.79
902	geographic	j	2961	2.17
903	reside	v	2960	2.08
904	specialized	j	2953	2.12
905	excessive	j	2947	1.7
906	transport	n	2943	1.79
907	theorist	n	2935	2.74
908	formulate	v	2928	2.41
909	equivalent	j	2927	2.22
910	deem	v	2912	1.66
911	aid	v	2908	1.67
912	partially	r	2904	1.61
913	manipulation	n	2903	2.34
914	independently	r	2885	2.27
915	manifest	v	2862	2.42
916	frontier	n	2859	1.57
917	accessible	j	2855	1.53
918	correctly	r	2848	1.55
919	inability	n	2838	1.92
920	respective	j	2838	2.33
921	fragment	n	2833	1.76
922	originate	v	2826	2.04
923	suitable	j	2819	1.74
924	economically	r	2817	1.77
925	integral	j	2806	2.32
926	assertion	n	2800	2.01
927	established	j	2793	2.0
928	exclusion	n	2791	2.52
929	axis	n	2783	2.22
930	projection	n	2783	1.71
931	governmental	j	2778	2.3
932	aspiration	n	2769	2.09
933	stance	n	2764	1.54
934	entail	v	2758	2.45
935	transmit	v	2756	1.78
936	encompass	v	2744	2.15
937	governance	n	2742	2.42
938	notably	r	2742	1.93
939	recruitment	n	2738	2.51
940	rationale	n	2736	2.36
941	novel	j	2732	1.98
942	configuration	n	2730	2.49
943	manual	n	2725	1.73
944	center	v	2724	1.81
945	intensive	j	2713	1.77
946	minimum	n	2711	1.5
947	applied	j	2711	2.49
948	cue	n	2708	1.7
949	regard	n	2706	1.68
950	supportive	j	2706	1.55
951	attachment	n	2704	2.09
952	indirect	j	2697	2.56
953	interactive	j	2687	1.71
954	invoke	v	2685	1.99
955	differentiate	v	2679	2.56
956	optimal	j	2674	2.88
957	viable	j	2673	1.78
958	reproduce	v	2660	1.99
959	coordinate	v	2658	1.69
960	revision	n	2644	2.2
961	passive	j	2640	2.1
962	advocacy	n	2639	1.69
963	above	j	2638	2.19
964	isolated	j	2638	1.58
965	dual	j	2635	2.07
966	justification	n	2621	2.18
967	disposal	n	2618	2.02
968	modeling	n	2616	2.54
969	thesis	n	2613	2.22
970	vendor	n	2612	1.52
971	occurrence	n	2611	2.39
972	prospective	j	2610	1.91
973	authentic	j	2609	1.7
974	relevance	n	2608	2.55
975	inevitably	r	2597	1.56
976	marginal	j	2594	2.33
977	municipal	j	2577	1.55
978	designate	v	2576	1.83
979	correspondence	n	2574	2.15
980	maximize	v	2569	2.15
981	implicit	j	2557	2.66
982	devise	v	2551	1.69
983	scholarly	j	2550	2.39
984	erosion	n	2548	2.17
985	striking	j	2539	1.51
986	stereotype	n	2538	1.63
987	contradiction	n	2536	1.91
988	invention	n	2533	1.6
989	fraction	n	2531	1.54
990	strive	v	2527	1.69
991	skilled	j	2519	1.63
992	importantly	r	2515	1.58
993	manifestation	n	2512	2.51
994	disturbance	n	2502	2.27
995	varying	j	2500	2.12
996	continuity	n	2493	2.4
997	commentary	n	2476	1.64
998	corresponding	j	2472	2.82
999	large-scale	j	2461	2.18
1000	reproduction	n	2459	1.94
1001	analogy	n	2458	2.09
1002	adequately	r	2451	2.2
1003	restoration	n	2451	1.56
1004	couple	v	2449	1.81
1005	negatively	r	2447	2.81
1006	reconstruction	n	2447	1.66
1007	desired	j	2446	2.24
1008	inequality	n	2445	2.52
1009	contrast	v	2444	2.16
1010	preferred	j	2440	2.04
1011	export	v	2433	1.78
1012	within	r	2426	1.56
1013	societal	j	2416	2.64
1014	usage	n	2407	2.25
1015	persistent	j	2406	1.72
1016	orient	v	2398	2.42
1017	repeated	j	2395	1.87
1018	accumulate	v	2391	1.65
1019	allocation	n	2387	2.65
1020	compensate	v	2377	1.61
1021	coordination	n	2370	2.09
1022	sufficiently	r	2369	2.09
1023	formulation	n	2366	2.81
1024	ironically	r	2365	1.53
1025	progress	v	2365	1.59
1026	separately	r	2364	1.8
1027	policymaker	n	2350	2.28
1028	operational	j	2349	2.12
1029	horizontal	j	2347	2.07
1030	marital	j	2345	2.18
1031	revise	v	2340	1.91
1032	align	v	2338	1.98
1033	psychiatric	j	2336	1.75
1034	parallel	j	2335	2.01
1035	reduced	j	2329	2.05
1036	purely	r	2324	1.63
1037	reproductive	j	2321	1.96
1038	prejudice	n	2320	1.67
1039	notable	j	2313	1.63
1040	exert	v	2310	2.12
1041	inhabitant	n	2305	1.97
1042	absent	j	2303	1.79
1043	dominance	n	2297	2.15
1044	hostility	n	2295	1.64
1045	embed	v	2289	2.0
1046	extract	v	2288	1.51
1047	subject	v	2286	1.76
1048	individually	r	2285	2.03
1049	competing	j	2269	1.87
1050	normative	j	2266	3.34
1051	suppress	v	2256	1.5
1052	endeavor	n	2252	1.86
1053	contrary	n	2245	1.76
1054	disagreement	n	2237	1.53
1055	advisory	j	2235	1.51
1056	mediate	v	2214	2.64
1057	neglect	v	2207	1.53
1058	fundamentally	r	2203	1.73
1059	reported	j	2199	2.07
1060	territorial	j	2195	2.37
1061	precision	n	2195	1.69
1062	ambiguity	n	2195	2.44
1063	farming	n	2190	1.51
1064	preservation	n	2172	1.52
1065	lesser	j	2168	1.54
1066	applicable	j	2168	2.69
1067	cultivate	v	2167	1.72
1068	situate	v	2167	2.11
1069	precede	v	2163	1.74
1070	static	j	2162	1.89
1071	differential	j	2161	3.27
1072	continually	r	2159	1.7
1073	vulnerability	n	2159	1.85
1074	selective	j	2156	2.01
1075	pathway	n	2155	2.09
1076	autonomous	j	2148	2.64
1077	confine	v	2147	1.61
1078	undoubtedly	r	2147	1.71
1079	predominantly	r	2144	1.88
1080	fulfill	v	2134	1.64
1081	proponent	n	2132	1.77
1082	hemisphere	n	2127	2.14
1083	elicit	v	2124	2.24
1084	hypothesize	v	2122	3.26
1085	trajectory	n	2105	2.29
1086	underlie	v	2103	2.64
1087	analytical	j	2103	2.5
1088	replicate	v	2090	2.12
1089	parallel	n	2088	1.88
1090	improving	j	2079	1.92
1091	synthesis	n	2079	2.91
1092	fertility	n	2073	1.83
1093	adaptive	j	2070	2.94
1094	underscore	v	2068	1.74
1095	causal	j	2067	3.22
1096	allocate	v	2066	2.21
1097	realization	n	2059	1.65
1098	paragraph	n	2057	1.75
1099	beta	n	2043	2.3
1100	overview	n	2042	2.26
1101	composite	j	2041	2.17
1102	privatization	n	2040	2.13
1103	characteristic	j	2037	2.33
1104	hierarchical	j	2027	3.13
1105	linkage	n	2021	2.6
1106	constrain	v	2015	2.58
1107	mobilize	v	2011	1.91
1108	disposition	n	2010	2.3
1109	broadly	r	2006	1.84
1110	viewpoint	n	2002	1.8
1111	import	v	1998	1.55
1112	harmful	j	1989	1.68
1113	applicant	n	1986	1.52
1114	insufficient	j	1979	2.29
1115	modified	j	1972	2.22
1116	thinker	n	1968	1.93
1117	documentation	n	1965	2.13
1118	successor	n	1963	1.5
1119	provincial	j	1962	1.85
1120	proliferation	n	1961	2.02
1121	reliance	n	1960	2.19
1122	formally	r	1958	1.55
1123	academic	n	1957	1.76
1124	categorize	v	1956	2.65
1125	exploitation	n	1954	2.18
1126	collaborate	v	1951	1.84
1127	abundant	j	1950	1.85
1128	varied	j	1948	1.92
1129	interference	n	1947	1.94
1130	variable	j	1946	2.62
1131	verify	v	1943	1.57
1132	instability	n	1943	2.14
1133	conform	v	1939	2.23
1134	map	v	1938	1.89
1135	ground	v	1937	1.7
1136	advancement	n	1937	2.02
1137	validate	v	1934	2.4
1138	destructive	j	1931	1.67
1139	recreational	j	1928	1.7
1140	warrant	v	1925	1.72
1141	disadvantage	n	1925	1.86
1142	term	v	1920	2.03
1143	coherent	j	1919	2.2
1144	intermediate	j	1914	2.08
1145	empower	v	1913	1.76
1146	prevalent	j	1905	2.17
1147	sustained	j	1905	1.89
1148	aging	n	1904	1.76
1149	compatible	j	1902	2.2
1150	monopoly	n	1900	1.57
1151	ambiguous	j	1898	2.22
1152	interdisciplinary	j	1891	3.1
1153	disparity	n	1887	2.02
1154	prevailing	j	1884	2.07
1155	disruption	n	1875	2.01
1156	radically	r	1873	1.95
1157	uniform	j	1873	1.7
1158	generator	n	1869	1.52
1159	appropriate	v	1862	2.15
1160	generic	j	1858	1.82
1161	accepted	j	1856	2.01
1162	domination	n	1849	2.3
1163	degradation	n	1848	2.45
1164	leisure	n	1841	1.74
1165	interestingly	r	1833	1.99
1166	maternal	j	1830	2.02
1167	complicate	v	1820	1.63
1168	systematically	r	1815	2.32
1169	primitive	j	1804	1.57
1170	conversely	r	1802	2.56
1171	transcend	v	1802	1.95
1172	published	j	1798	2.2
1173	coincide	v	1797	1.92
1174	educated	j	1794	1.6
1175	fulfil	v	1793	1.55
1176	advisor	n	1792	1.54
1177	dependency	n	1791	2.35
1178	structured	j	1789	2.62
1179	supplement	v	1788	1.91
1180	locally	r	1786	1.51
1181	enhanced	j	1784	2.25
1182	sustainability	n	1783	2.64
1183	structure	v	1776	2.28
1184	descendant	n	1774	1.68
1185	pervasive	j	1774	1.96
1186	expanding	j	1771	1.78
1187	gradual	j	1769	1.97
1188	appropriately	r	1767	1.78
1189	conflicting	j	1763	1.82
1190	exemplify	v	1760	2.35
1191	appropriation	n	1758	1.63
1192	activate	v	1756	1.63
1193	directive	n	1756	2.19
1194	incomplete	j	1756	1.98
1195	locus	n	1749	3.16
1196	exacerbate	v	1746	2.07
1197	proximity	n	1745	1.8
1198	bureaucratic	j	1744	1.78
1199	indirectly	r	1740	2.02
1200	refine	v	1739	1.84
1201	efficiently	r	1738	1.72
1202	inconsistent	j	1732	2.02
1203	mutually	r	1731	2.43
1204	refusal	n	1729	1.54
1205	substitute	n	1729	1.52
1206	offspring	n	1726	1.8
1207	long-standing	j	1726	1.72
1208	apparatus	n	1722	2.0
1209	thorough	j	1719	1.5
1210	robust	j	1717	1.61
1211	informed	j	1712	2.22
1212	plausible	j	1709	2.01
1213	workforce	n	1707	1.61
1214	maturity	n	1706	1.73
1215	mediation	n	1706	2.45
1216	livestock	n	1705	1.58
1217	expectancy	n	1702	2.21
1218	continuously	r	1698	1.96
1219	inhabit	v	1693	1.55
1220	adhere	v	1691	1.74
1221	intensify	v	1688	1.51
1222	continuum	n	1687	2.59
1223	elaborate	v	1684	1.97
1224	focal	j	1666	2.05
1225	paradox	n	1666	1.84
1226	distortion	n	1665	2.14
1227	qualification	n	1659	1.79
1228	prestige	n	1647	1.8
1229	critically	r	1647	1.71
1230	contradictory	j	1646	2.1
1231	alignment	n	1646	2.31
1232	decision-making	j	1645	2.61
1233	migrate	v	1645	1.7
1234	petroleum	n	1643	1.64
1235	arbitrary	j	1642	2.11
1236	rigorous	j	1638	1.73
1237	feasible	j	1637	2.14
1238	specification	n	1634	2.2
1239	preclude	v	1633	2.37
1240	constituency	n	1631	1.6
1241	traumatic	j	1631	1.84
1242	guiding	j	1630	1.65
1243	inferior	j	1623	2.1
1244	expanded	j	1623	1.74
1245	multiply	v	1621	1.55
1246	empathy	n	1617	1.93
1247	extensively	r	1616	1.89
1248	salient	j	1606	2.88
1249	enlightenment	n	1605	2.31
1250	openness	n	1604	1.99
1251	subgroup	n	1603	3.05
1252	Greek	n	1602	1.51
1253	compound	v	1598	1.66
1254	inclusive	j	1597	2.34
1255	reconcile	v	1596	1.66
1256	decision-making	n	1594	2.42
1257	straightforward	j	1594	1.5
1258	posit	v	1593	2.88
1259	privileged	j	1592	1.69
1260	cumulative	j	1584	2.38
1261	effect	v	1581	1.94
1262	pragmatic	j	1581	2.0
1263	complementary	j	1580	2.46
1264	susceptible	j	1578	1.84
1265	remainder	n	1572	1.77
1266	succession	n	1566	1.59
1267	dissatisfaction	n	1564	2.38
1268	decisive	j	1562	1.55
1269	utilization	n	1561	2.93
1270	spontaneous	j	1551	1.66
1271	enhancement	n	1551	2.13
1272	radical	n	1545	1.64
1273	superiority	n	1544	2.12
1274	marked	j	1540	1.61
1275	periodic	j	1539	2.11
1276	southeastern	j	1539	1.65
1277	contention	n	1538	1.62
1278	whereby	r	1535	2.4
1279	participating	j	1534	2.55
1280	accord	v	1532	2.11
1281	elimination	n	1529	1.89
1282	preceding	j	1529	2.63
1283	hybrid	j	1529	1.66
1284	thereafter	r	1529	1.62
1285	methodological	j	1528	3.35
1286	discern	v	1527	2.08
1287	accumulation	n	1527	2.34
1288	profoundly	r	1523	1.6
1289	collectively	r	1522	1.93
1290	span	v	1521	1.52
1291	variant	n	1520	2.52
1292	competitiveness	n	1519	2.14
1293	discrete	j	1516	2.84
1294	inherently	r	1513	2.02
1295	disciplinary	j	1507	2.15
1296	wholly	r	1503	1.7
1297	enduring	j	1502	1.65
1298	displace	v	1501	1.71
1299	probe	v	1500	1.61
1300	broaden	v	1498	1.62
1301	relational	j	1498	3.33
1302	revised	j	1498	2.06
1303	perpetuate	v	1493	1.98
1304	complement	v	1492	1.63
1305	restructuring	n	1488	1.87
1306	reconstruct	v	1488	1.89
1307	arguably	r	1485	1.61
1308	successive	j	1480	2.16
1309	definitive	j	1477	1.6
1310	adulthood	n	1473	2.01
1311	procedural	j	1467	2.43
1312	empowerment	n	1463	2.12
1313	resonance	n	1462	2.06
1314	inference	n	1459	2.66
1315	contradict	v	1456	1.68
1316	unstable	j	1455	1.72
1317	hypothetical	j	1452	2.14
1318	multimedia	n	1451	1.77
1319	appendix	n	1451	2.77
1320	infer	v	1450	2.61
1321	distort	v	1445	1.6
1322	manual	j	1444	1.65
1323	enrich	v	1443	1.63
1324	differentiation	n	1442	3.1
1325	reformer	n	1434	1.59
1326	confer	v	1433	1.76
1327	simultaneous	j	1429	2.34
1328	high-quality	j	1428	1.79
1329	scarce	j	1423	1.59
1330	reversal	n	1419	1.76
1331	activism	n	1419	1.65
1332	alleviate	v	1414	1.87
1333	constructive	j	1412	1.78
1334	differing	j	1411	2.4
1335	imperative	n	1410	2.16
1336	industrialized	j	1407	2.01
1337	sociology	n	1407	1.95
1338	infinite	j	1398	1.6
1339	group	v	1398	2.18
1340	theoretically	r	1396	2.03
1341	ineffective	j	1394	1.93
1342	probable	j	1391	1.56
1343	consolidate	v	1391	1.72
1344	adjacent	j	1390	1.51
1345	unrelated	j	1388	1.86
1346	unified	j	1386	1.7
1347	acknowledgment	n	1381	2.01
1348	discriminate	v	1379	1.53
1349	denote	v	1377	2.58
1350	hinder	v	1377	2.06
1351	friction	n	1376	1.73
1352	culminate	v	1367	1.86
1353	default	n	1366	1.62
1354	equilibrium	n	1366	2.42
1355	mandate	v	1366	1.69
1356	determinant	n	1365	3.09
1357	advent	n	1363	1.98
1358	implicitly	r	1355	2.6
1359	terminology	n	1350	2.44
1360	imbalance	n	1344	2.01
1361	ideally	r	1343	1.89
1362	tangible	j	1342	1.66
1363	diffusion	n	1341	3.15
1364	timely	j	1338	1.72
1365	mitigate	v	1336	2.25
1366	municipality	n	1336	2.12
1367	restrictive	j	1331	2.13
1368	comprehend	v	1328	1.53
1369	evidence	v	1327	2.37
1370	erode	v	1326	1.53
1371	projected	j	1324	1.52
1372	in-depth	j	1319	2.17
1373	contingency	n	1319	1.91
1374	declining	j	1317	1.55
1375	numerical	j	1314	2.73
1376	interpretive	j	1313	2.56
1377	cultivation	n	1313	2.45
1378	eventual	j	1310	1.65
1379	incur	v	1305	1.94
1380	redefine	v	1296	1.73
1381	cohesion	n	1291	2.73
1382	benchmark	n	1291	1.82
1383	sound	j	1289	1.51
1384	fusion	n	1284	1.59
1385	analogous	j	1283	2.73
1386	ethic	n	1283	1.52
1387	coercion	n	1281	2.47
1388	submission	n	1279	1.85
1389	ascertain	v	1278	2.46
1390	presently	r	1278	1.67
1391	authoritative	j	1274	2.25
1392	equate	v	1272	1.87
1393	moderate	v	1270	1.89
1394	reviewer	n	1268	1.88
1395	myriad	n	1262	1.54
1396	printed	j	1258	1.53
1397	satisfactory	j	1258	1.97
1398	printing	n	1255	1.54
1399	alteration	n	1251	2.21
1400	adult	j	1247	1.59
1401	finite	j	1246	2.4
1402	periodically	r	1245	1.52
1403	footnote	n	1243	1.72
1404	holistic	j	1240	2.48
1405	moderately	r	1239	1.89
1406	endowment	n	1236	1.52
1407	scarcity	n	1236	2.43
1408	mapping	n	1231	2.54
1409	quantify	v	1230	2.38
1410	segregation	n	1230	1.53
1411	usefulness	n	1229	2.5
1412	insistence	n	1227	1.57
1413	consciously	r	1226	1.86
1414	consolidation	n	1221	1.96
1415	collaborator	n	1221	1.92
1416	incorporation	n	1220	2.98
1417	engender	v	1216	2.25
1418	specificity	n	1214	2.79
1419	transitional	j	1210	1.89
1420	familiarity	n	1209	1.77
1421	contour	n	1208	1.74
1422	validation	n	1198	2.62
1423	proportional	j	1197	2.67
1424	navigation	n	1195	1.7
1425	allowance	n	1195	1.56
1426	outreach	n	1194	1.55
1427	citation	n	1192	1.81
1428	institute	v	1191	1.74
1429	impede	v	1189	2.02
1430	outset	n	1189	1.72
1431	reciprocal	j	1188	2.73
1432	designation	n	1187	1.78
1433	rightly	r	1186	1.62
1434	disperse	v	1185	1.55
1435	shortcoming	n	1184	1.8
1436	unsuccessful	j	1180	1.63
1437	alternatively	r	1180	2.68
1438	transparency	n	1179	1.65
1439	inheritance	n	1172	1.54
1440	convergence	n	1171	2.4
1441	catalyst	n	1169	1.69
1442	subordinate	j	1169	2.4
1443	decay	n	1165	1.68
1444	conserve	v	1163	1.66
1445	handbook	n	1160	1.97
1446	situational	j	1155	2.99
1447	intentional	j	1153	1.89
1448	generalized	j	1150	2.77
1449	consortium	n	1150	1.7
1450	facet	n	1149	1.97
1451	implicate	v	1149	1.61
1452	working	n	1149	1.66
1453	homogeneous	j	1148	2.84
1454	resilience	n	1147	2.17
1455	centralized	j	1145	2.29
1456	preoccupation	n	1144	1.99
1457	multinational	j	1143	1.58
1458	internally	r	1140	1.97
1459	rationality	n	1139	2.75
1460	uniquely	r	1139	1.87
1461	parallel	v	1137	2.18
1462	assimilate	v	1135	2.16
1463	enlarge	v	1129	1.53
1464	nongovernmental	j	1129	2.43
1465	perpetrator	n	1128	1.54
1466	delineate	v	1128	2.56
1467	disseminate	v	1127	2.33
1468	necessitate	v	1126	2.46
1469	mediator	n	1125	1.97
1470	trained	j	1124	1.55
1471	internalize	v	1122	2.67
1472	multiple	n	1119	2.1
1473	fragmentation	n	1118	2.69
1474	tailor	v	1118	1.54
1475	factual	j	1115	1.94
1476	indicative	j	1109	2.27
1477	lessen	v	1105	1.53
1478	heightened	j	1104	1.73
1479	precursor	n	1104	2.17
1480	overlap	n	1103	2.29
1481	augment	v	1103	2.03
1482	estimation	n	1101	2.32
1483	Dominican	j	1101	1.55
1484	sociological	j	1100	2.68
1485	portrayal	n	1096	1.6
1486	deprivation	n	1095	1.97
1487	trade-off	n	1092	1.76
1488	sanction	v	1092	1.68
1489	overt	j	1091	2.04
1490	intuitive	j	1090	1.93
1491	pertinent	j	1089	2.28
1492	reprint	v	1088	1.99
1493	specified	j	1087	2.67
1494	prominence	n	1087	1.75
1495	deterioration	n	1085	1.96
1496	commercially	r	1084	1.83
1497	richness	n	1084	1.94
1498	face-to-face	j	1082	1.58
1499	jointly	r	1081	1.92
1500	inclination	n	1078	1.71
1501	bridge	v	1078	1.58
1502	individualism	n	1077	2.5
1503	noteworthy	j	1077	2.07
1504	impetus	n	1076	2.08
1505	experimentation	n	1075	1.91
1506	sequential	j	1074	2.96
1507	continuation	n	1072	1.88
1508	attributable	j	1072	2.53
1509	disparate	j	1070	1.91
1510	safeguard	v	1068	1.94
1511	suppression	n	1068	2.3
1512	subset	n	1066	2.83
1513	markedly	r	1066	2.29
1514	concurrent	j	1063	2.87
1515	degrade	v	1062	1.7
1516	incompatible	j	1062	2.32
1517	tenet	n	1057	1.73
1518	unify	v	1056	1.58
1519	attest	v	1056	1.77
1520	indispensable	j	1054	1.89
1521	intended	j	1051	1.87
1522	simplify	v	1050	1.69
1523	periphery	n	1049	2.19
1524	analytic	j	1049	2.87
1525	nominal	j	1046	2.44
1526	divergent	j	1045	2.62
1527	present-day	j	1044	2.39
1528	substitution	n	1042	2.43
1529	novelty	n	1041	1.52
1530	coherence	n	1039	2.68
1531	unpublished	j	1039	2.46
1532	template	n	1032	2.01
1533	sociologist	n	1031	1.62
1534	containment	n	1029	1.77
1535	encode	v	1027	2.79
1536	socialize	v	1025	1.6
1537	determining	j	1023	2.53
1538	interdependence	n	1022	2.92
1539	universally	r	1022	1.82
1540	directory	n	1021	1.58
1541	restructure	v	1020	1.56
1542	coordinate	n	1013	1.84
1543	limiting	j	1012	1.96
1544	extraction	n	1008	2.25
1545	affinity	n	1008	1.89
1546	prescribed	j	1007	2.04
1547	locality	n	1006	2.47
1548	induction	n	1006	2.39
1549	concur	v	1006	1.86
1550	familial	j	1006	2.42
1551	eruption	n	1006	1.63
1552	imperative	j	1001	2.11
1553	generating	j	1000	1.99
1554	computerized	j	1000	1.53
1555	latent	j	997	2.48
1556	restricted	j	997	1.75
1557	synthesize	v	996	2.47
1558	heighten	v	996	1.5
1559	customary	j	995	1.64
1560	insecurity	n	994	1.52
1561	equitable	j	992	2.08
1562	specialization	n	992	2.74
1563	vitality	n	990	1.65
1564	centrality	n	990	3.11
1565	incremental	j	987	2.19
1566	on-site	j	987	1.76
1567	termination	n	985	2.09
1568	explanatory	j	984	2.93
1569	anticipated	j	983	1.71
1570	by-product	n	982	1.79
1571	emanate	v	980	1.67
1572	breadth	n	978	1.88
1573	propensity	n	976	2.34
1574	dichotomy	n	974	2.54
1575	unequal	j	972	2.3
1576	cost-effective	j	971	2.09
1577	multitude	n	971	1.58
1578	irregular	j	969	1.56
1579	construe	v	965	2.41
1580	conformity	n	962	2.6
1581	accessibility	n	962	2.13
1582	ascribe	v	961	2.37
1583	stringent	j	961	1.81
1584	marginalize	v	958	2.32
1585	epistemological	j	957	3.19
1586	contest	v	955	1.57
1587	noticeable	j	953	1.55
1588	reiterate	v	951	1.62
1589	reaffirm	v	948	1.77
1590	fragmented	j	948	2.14
1591	inconsistency	n	945	1.81
1592	conflict	v	945	1.93
1593	drawback	n	943	1.55
1594	viability	n	943	2.24
1595	chosen	j	942	1.52
1596	contingent	j	936	2.59
1597	neural	j	936	2.16
1598	persuasive	j	935	1.59
1599	verification	n	934	2.26
1600	ostensibly	r	933	1.76
1601	detrimental	j	932	2.26
1602	undesirable	j	931	2.35
1603	multidimensional	j	930	2.96
1604	heterogeneous	j	930	3.06
1605	participatory	j	926	2.87
1606	self-interest	n	924	2.0
1607	replication	n	921	2.91
1608	unrealistic	j	920	1.57
1609	networking	n	920	1.57
1610	high-level	j	917	1.5
1611	precipitate	v	916	2.1
1612	sharing	n	916	2.21
1613	refrain	v	913	1.65
1614	continual	j	913	1.98
1615	primacy	n	912	2.86
1616	globally	r	912	1.9
1617	institutionalize	v	911	2.33
1618	conducive	j	911	2.29
1619	capitalist	n	910	1.7
1620	dissemination	n	910	2.9
1621	coexist	v	908	1.97
1622	suffice	v	908	1.75
1623	feasibility	n	907	2.54
1624	theorize	v	906	2.18
1625	identifiable	j	903	2.14
1626	principally	r	903	2.12
1627	commonplace	j	902	1.55
1628	amplify	v	901	1.82
1629	outweigh	v	900	1.54
1630	comparatively	r	898	1.96
1631	composite	n	895	2.29
1632	inefficient	j	895	1.83
1633	imagined	j	892	1.93
1634	intellect	n	891	1.57
1635	coercive	j	890	2.64
1636	altered	j	890	1.94
1637	speculative	j	884	1.82
1638	infuse	v	881	1.5
1639	reference	v	877	1.96
1640	persuasion	n	876	1.72
1641	abandonment	n	876	1.84
1642	objectivity	n	874	2.0
1643	postulate	v	872	2.94
1644	endow	v	872	1.89
1645	coordinated	j	871	1.88
1646	progressively	r	871	2.08
1647	motivated	j	869	1.77
1648	intrusion	n	868	1.51
1649	interplay	n	865	2.41
1650	aggregate	j	865	2.8
1651	livelihood	n	864	1.58
1652	ethos	n	861	2.24
1653	conspicuous	j	859	1.71
1654	espouse	v	858	1.85
1655	proxy	n	856	1.55
1656	disregard	v	855	1.61
1657	stimulating	j	855	1.92
1658	convert	n	853	1.75
1659	emergent	j	853	2.98
1660	connected	j	853	1.64
1661	partition	n	853	1.69
1662	sociopolitical	j	852	3.16
1663	observable	j	848	3.05
1664	transient	j	846	2.07
1665	two-way	j	846	1.7
1666	measurable	j	845	2.29
1667	insignificant	j	844	1.54
1668	interruption	n	844	1.52
1669	inception	n	843	1.88
1670	legitimize	v	842	2.3
1671	predominant	j	842	2.35
1672	binding	j	842	1.53
1673	admittedly	r	841	1.51
1674	pertain	v	841	2.49
1675	paramount	j	839	1.61
1676	confound	v	838	1.95
1677	uniqueness	n	838	2.4
1678	collective	n	837	1.84
1679	bipolar	j	837	1.98
1680	favorably	r	837	1.9
1681	following	r	835	1.79
1682	measured	j	833	1.98
1683	hamper	v	833	1.52
1684	founding	n	832	2.03
1685	learned	j	832	2.05
1686	real-world	j	831	2.15
1687	undertaking	n	831	1.64
1688	underline	v	830	1.72
1689	one-way	j	829	1.63
1690	pioneering	j	827	1.73
1691	manifest	j	826	2.28
1692	disproportionate	j	826	1.84
1693	anecdotal	j	826	1.9
1694	scientifically	r	826	1.85
1695	eradicate	v	825	1.56
1696	emulate	v	820	1.51
1697	approximate	v	819	2.34
1698	manufacture	n	818	1.88
1699	overlapping	j	811	2.06
1700	refinement	n	811	1.93
1701	geometric	j	808	1.71
1702	positioning	n	805	1.97
1703	inadequacy	n	803	2.27
1704	workload	n	803	2.09
1705	stated	j	802	1.94
1706	decreasing	j	801	2.48
1707	reciprocity	n	800	2.85
1708	stationary	j	800	1.8
1709	remedy	v	800	1.77
1710	urbanization	n	800	2.93
1711	merit	v	794	1.67
1712	geographically	r	794	2.2
1713	lecturer	n	792	1.79
1714	innate	j	790	1.79
1715	responsiveness	n	790	2.9
1716	targeted	j	790	2.02
1717	accelerated	j	789	1.98
1718	completed	j	788	1.85
1719	elaboration	n	786	2.88
1720	subtract	v	785	1.8
1721	intrinsically	r	784	2.7
1722	permeate	v	782	1.63
1723	dissolution	n	782	2.28
1724	ancestry	n	781	1.88
1725	prominently	r	776	1.61
1726	fruitful	j	776	2.21
1727	integrative	j	776	3.05
1728	logically	r	773	2.12
1729	receptive	j	771	1.63
1730	small-scale	j	769	2.15
1731	prophecy	n	768	1.5
1732	polarization	n	768	2.45
1733	omission	n	768	1.84
1734	supplemental	j	767	1.75
1735	locale	n	766	1.59
1736	clarification	n	765	2.01
1737	imperfect	j	762	1.67
1738	micro	n	762	1.89
1739	further	v	760	2.03
1740	ensuing	j	760	1.59
1741	impart	v	758	1.58
1742	impediment	n	757	1.84
1743	purchasing	n	757	1.68
1744	Anglo	j	756	1.97
1745	rigor	n	756	1.59
1746	unintended	j	756	1.68
1747	wherein	r	756	2.24
1748	informative	j	754	1.83
1749	localized	j	753	2.55
1750	endemic	j	753	2.21
1751	unresolved	j	752	1.73
1752	relegate	v	751	1.59
1753	enlightened	j	746	1.78
1754	compatibility	n	745	2.53
1755	instructive	j	745	2.12
1756	incidental	j	744	2.22
1757	contrasting	j	744	2.06
1758	intolerance	n	743	1.69
1759	penetration	n	742	1.89
1760	intimately	r	741	1.54
1761	concentrated	j	741	1.67
1762	suggestive	j	741	1.83
1763	spontaneously	r	741	1.97
1764	stratum	n	739	2.17
1765	vignette	n	739	2.16
1766	bonding	n	738	1.52
1767	biomedical	j	737	2.21
1768	usable	j	737	1.94
1769	neutrality	n	736	2.23
1770	egalitarian	j	735	2.45
1771	chiefly	r	734	1.91
1772	academia	n	732	1.88
1773	extant	j	732	2.95
1774	dissatisfied	j	732	1.7
1775	resultant	j	732	2.84
1776	differential	n	731	2.31
1777	interrelated	j	731	2.94
1778	professionalism	n	730	1.81
1779	reorganization	n	729	1.71
1780	invaluable	j	726	1.63
1781	contributing	j	726	1.76
1782	compulsory	j	723	2.32
1783	affiliate	v	723	1.53
1784	presuppose	v	720	2.85
1785	fabricate	v	718	1.66
1786	standardize	v	718	2.52
1787	repetitive	j	717	1.61
1788	seminal	j	715	1.91
1789	embedded	j	715	2.4
1790	simulated	j	714	1.88
1791	far-reaching	j	713	1.81
1792	aforementioned	j	713	2.1
1793	concomitant	j	713	3.07
1794	diffuse	j	711	2.59
1795	reliably	r	710	1.99
1796	uniformly	r	710	1.91
1797	deplete	v	709	1.62
1798	divergence	n	708	2.89
1799	stipulate	v	708	1.84
1800	biased	j	707	1.74
1801	provisional	j	707	1.71
1802	preferential	j	706	2.04
1803	negligible	j	706	2.13
1804	oppressed	j	706	2.06
1805	ramification	n	705	1.57
1806	intermediary	n	705	1.98
1807	condition	v	705	1.83
1808	ethnically	r	705	2.11
1809	sequencing	n	705	2.7
1810	attractiveness	n	704	2.55
1811	adherent	n	701	2.24
1812	unfavorable	j	696	2.1
1813	typology	n	692	3.4
1814	propagate	v	692	2.04
1815	in-house	j	690	1.54
1816	heterogeneity	n	689	3.25
1817	preferable	j	689	1.66
1818	decentralized	j	689	2.51
1819	transcription	n	689	2.32
1820	diffuse	v	688	2.12
1821	multidisciplinary	j	686	2.93
1822	interdependent	j	684	2.85
1823	diversification	n	684	2.41
1824	third-party	j	682	1.74
1825	consequent	j	681	2.92
1826	accrue	v	679	2.06
1827	parity	n	675	2.0
1828	asymmetry	n	674	2.89
1829	attitudinal	j	673	3.18
1830	adversely	r	673	2.19
1831	re-establish	v	673	1.52
1832	literate	j	672	2.02
1833	expend	v	671	1.66
1834	time-consuming	j	671	1.59
1835	subculture	n	670	2.24
1836	neutralize	v	670	1.62
1837	refute	v	669	1.79
1838	relocation	n	666	1.57
1839	simplistic	j	665	1.69
1840	categorization	n	663	3.02
1841	resurgence	n	660	1.54
1842	strategically	r	660	1.51
1843	conditional	j	659	2.47
1844	disintegration	n	658	2.02
1845	lag	n	658	1.76
1846	naturalist	n	657	1.6
1847	redistribution	n	657	2.46
1848	selectively	r	654	2.21
1849	concerted	j	654	1.77
1850	electronically	r	652	1.5
1851	infancy	n	652	1.68
1852	recourse	n	652	1.81
1853	modernize	v	651	1.53
1854	citizenry	n	651	1.95
1855	approximation	n	650	2.4
1856	multiplicity	n	650	2.66
1857	re-examine	v	650	1.78
1858	standardization	n	650	2.98
1859	ally	v	649	1.51
1860	objectively	r	647	2.1
1861	homogeneity	n	645	3.01
1862	intersect	v	645	1.65
1863	stewardship	n	644	1.7
1864	pervade	v	643	1.97
1865	parochial	j	642	1.83
1866	attendee	n	642	1.69
1867	strikingly	r	636	1.72
1868	suggested	j	634	1.61
1869	arid	j	633	1.56
1871	prerogative	n	632	1.98
1872	conceptually	r	631	2.71
1873	cadre	n	631	1.51
1874	evolving	j	631	2.25
1875	cooperative	n	631	1.74
1876	anatomical	j	630	2.4
1877	staffing	n	630	1.55
1878	focused	j	628	1.52
1879	misuse	n	626	1.8
1880	ordering	n	626	2.27
1881	monograph	n	625	2.54
1882	lastly	r	625	2.0
1883	corrective	j	625	2.26
1884	cortex	n	625	2.25
1885	complement	n	625	1.72
1886	counterproductive	j	624	1.73
1887	predispose	v	624	2.18
1888	synonymous	j	624	1.58
1889	separated	j	623	1.74
1890	individualistic	j	623	2.74
1891	expulsion	n	623	1.7
1892	assertive	j	622	1.69
1893	applicability	n	622	3.24
1894	immersion	n	621	1.9
1895	repository	n	620	1.62
1896	intrusive	j	619	1.54
1897	purport	v	617	1.7
1898	powerfully	r	616	1.59
1899	consent	v	616	1.71
1900	primer	n	615	1.5
1901	guise	n	614	1.53
1902	biologically	r	614	2.12
1903	disproportionately	r	612	1.85
1904	externally	r	611	2.63
1905	idealism	n	611	1.6
1906	bias	v	610	2.18
1907	taboo	n	610	1.64
1908	triad	n	609	2.3
1909	commonality	n	609	2.46
1910	deficient	j	609	2.07
1911	corroborate	v	609	1.68
1912	pathological	j	609	2.21
1913	minimally	r	608	2.18
1914	negate	v	607	1.96
1915	conjunction	n	606	2.53
1916	erroneous	j	605	2.02
1917	English-speaking	j	605	2.03
1918	uniformity	n	605	2.42
1919	verbally	r	604	1.79
1920	westerner	n	603	1.51
1921	regularity	n	603	1.93
1922	regeneration	n	602	2.37
1923	elective	j	602	1.79
1924	precondition	n	602	2.04
1925	inequity	n	601	1.83
1926	reorganize	v	601	1.56
1927	retrieval	n	600	2.32
1928	accentuate	v	600	1.53
1929	predicate	v	598	2.26
1930	prenatal	j	598	1.53
1931	recognized	j	597	2.06
1932	predominate	v	593	2.39
1933	populace	n	593	1.73
1934	archival	j	593	2.12
1935	counteract	v	593	1.87
1936	dominion	n	591	1.55
1937	advantageous	j	591	2.42
1938	informational	j	591	2.13
1939	congruent	j	590	3.13
1940	diverge	v	590	2.29
1941	dispersion	n	590	2.98
1942	cohesive	j	589	1.99
1943	redirect	v	589	1.6
1944	self-image	n	588	2.19
1945	tenuous	j	587	1.58
1946	decision-maker	n	587	2.22
1947	vertically	r	586	1.65
1948	subordinate	n	585	1.89
1949	eminent	j	585	1.53
1950	intertwine	v	584	1.67
1951	oppositional	j	584	3.05
1952	virtuous	j	583	1.87
1953	weight	v	581	1.53
1954	substantiate	v	580	1.94
1955	enlargement	n	580	2.19
1956	coerce	v	580	1.59
1957	concluding	j	579	2.64
1958	threatened	j	579	1.64
1959	compensatory	j	577	2.36
1960	prioritize	v	574	2.0
1961	technologically	r	574	1.88
1962	transformative	j	571	2.41
1963	topography	n	571	2.02
1964	wording	n	571	1.81
1965	periodical	n	571	1.99
1966	antecedent	n	570	2.98
1967	unwillingness	n	570	1.83
1968	elucidate	v	568	2.87
1969	intervening	j	568	1.92
1970	impersonal	j	567	1.75
1971	marginally	r	565	1.82
1972	pre-existing	j	564	1.82
1973	eschew	v	564	1.69
1974	defined	j	563	2.11
1975	circumvent	v	563	1.75
1976	fluctuate	v	562	1.91
1977	normalize	v	562	2.11
1978	supplant	v	557	1.74
1979	dislocation	n	556	2.07
1980	caveat	n	555	1.54
1981	outward	j	555	1.64
1982	precept	n	552	2.16
1983	cyclical	j	552	1.85
1984	unavoidable	j	552	1.57
1985	auspice	n	551	1.98
1986	supervisory	j	550	2.19
1987	well-established	j	550	2.02
1988	aggregate	n	549	2.47
1989	rationalize	v	548	1.67
1990	harmonious	j	548	1.81
1991	variously	r	548	1.99
1992	requisite	j	548	1.74
1993	overestimate	v	547	1.89
1994	ideologically	r	546	2.03
1995	maturation	n	545	2.68
1996	proliferate	v	545	1.72
1997	manufactured	j	544	1.56
1998	benevolent	j	544	1.55
1999	calibrate	v	544	2.15
2000	deviate	v	544	2.12
2001	idiosyncratic	j	542	1.86
2002	institutionalized	j	541	2.56
2003	utilitarian	j	541	1.7
2004	insightful	j	539	1.79
2005	colonize	v	538	1.96
2006	accumulated	j	538	1.77
2007	antagonism	n	536	2.15
2008	predetermined	j	535	2.52
2009	recur	v	533	1.9
2010	thereof	r	531	1.74
2011	endeavor	v	531	2.03
2012	dependent	n	530	1.84
2013	supplementary	j	530	2.75
2014	institutionalization	n	529	3.03
2015	inverse	j	529	2.82
2016	irreversible	j	528	1.77
2017	corollary	n	527	2.42
2018	enumerate	v	527	2.37
2019	centrally	r	527	2.31
2020	ecologically	r	526	2.12
2021	underpin	v	526	2.43
2022	linked	j	525	1.9
2023	preparatory	j	524	1.81
2024	conduit	n	523	1.57
2025	precedence	n	522	1.85
2026	exhaustive	j	519	1.72
2027	decentralization	n	519	2.63
2028	deduce	v	517	1.89
2029	approximate	j	517	1.93
2030	inseparable	j	517	1.72
2031	increment	n	517	1.9
2032	rudimentary	j	517	1.62
2033	overarching	j	516	2.4
2034	expressed	j	516	2.06
2035	paternal	j	515	1.77
2036	well-defined	j	513	2.4
2037	functionally	r	512	2.63
2038	fostering	n	510	2.55
2039	material	j	510	1.97
2040	potency	n	509	1.93
2041	unitary	j	509	2.91
2042	concurrently	r	508	2.56
2043	top-down	j	507	2.54
2044	budgetary	j	506	1.78
2045	presumed	j	506	2.18
2046	additive	j	504	2.31
2047	inactive	j	502	1.92
2048	interrelationship	n	502	3.07
2049	creatively	r	501	1.73
2050	marginalized	j	500	2.76
2051	judgement	n	499	2.14
2052	inefficiency	n	499	1.84
2053	transmitted	j	499	1.65
2054	imbue	v	498	1.72
2055	aggregation	n	497	3.01
2056	calculated	j	497	1.63
2057	calculus	n	496	1.63
2058	excessively	r	495	1.68
2059	schematic	j	495	2.39
2060	aversion	n	493	1.68
2061	nexus	n	493	1.71
2062	attendant	j	491	1.83
2063	nascent	j	489	1.77
2064	universality	n	489	2.63
2065	inertia	n	488	1.7
2066	extrapolate	v	488	2.07
2067	aberration	n	487	1.64
2068	acquired	j	485	2.19
2069	compulsion	n	483	1.52
2070	coded	j	483	2.04
2071	undue	j	483	1.63
2072	unifying	j	482	2.02
2073	simplified	j	481	2.07
2074	indistinguishable	j	481	1.56
2075	helplessness	n	478	1.66
2076	duality	n	478	2.57
2077	coalesce	v	477	1.67
2078	inherited	j	477	1.81
2079	underpinning	n	477	2.07
2080	unimportant	j	477	1.66
2081	tacit	j	476	1.88
2082	MP	n	476	1.52
2083	index	v	475	1.83
2084	discontinuity	n	475	2.92
2085	entrench	v	475	1.74
2086	envisage	v	475	2.65
2087	repress	v	475	1.73
2088	redundant	j	474	1.7
2089	supersede	v	474	2.04
2090	distinguishing	j	474	2.14
2091	computer-based	j	474	2.84
2092	overriding	j	474	1.56
2093	inaccessible	j	472	1.7
2094	congruence	n	472	3.22
2095	gratification	n	470	1.53
2096	qualitatively	r	470	3.06
2097	typify	v	470	1.93
2098	therein	r	469	1.67
2099	phenomenological	j	469	3.36
2100	predisposition	n	467	2.04
2101	horizontally	r	467	1.55
2102	author	v	467	1.63
2103	directional	j	467	2.2
2104	paucity	n	466	2.64
2105	mores	n	466	1.85
2106	rupture	n	466	1.93
2107	intractable	j	465	1.83
2108	consensual	j	460	1.63
2109	quarterly	n	459	2.11
2110	multifaceted	j	458	2.25
2111	informally	r	458	1.83
2112	entrenched	j	458	1.55
2113	inextricably	r	456	2.05
2114	underly	v	456	2.49
2115	workable	j	456	1.54
2116	replete	j	455	1.67
2117	devalue	v	455	1.84
2118	attune	v	455	1.72
2119	auxiliary	j	454	1.85
2120	imperfection	n	454	1.6
2121	plethora	n	454	1.77
2122	prism	n	454	1.51
2123	westward	r	454	1.55
2124	stagnation	n	451	2.02
2125	procure	v	450	1.65
2126	allot	v	450	1.64
2127	archaic	j	448	1.63
2128	compilation	n	448	1.51
2129	characteristically	r	448	1.99
2130	equivalence	n	448	2.75
2131	decode	v	447	1.77
2132	condense	v	447	1.81
2133	unskilled	j	447	2.01
2134	monolithic	j	446	1.94
2135	diminishing	j	445	1.57
2136	foregoing	j	445	3.03
2137	diminished	j	442	1.76
2138	deleterious	j	442	2.74
2139	organizing	j	442	1.73
2140	symmetrical	j	440	1.76
2141	structurally	r	439	2.19
2142	neoclassical	j	439	2.09
2143	herein	r	439	2.61
2144	illustrative	j	438	2.47
2145	causation	n	438	2.95
2146	stratification	n	438	2.96
2147	spatially	r	437	3.16
2148	conventionally	r	437	2.16
2149	assisted	j	437	1.57
2150	consolidated	j	436	1.64
2151	personalized	j	436	1.53
2152	paraphrase	v	436	1.54
2153	received	j	435	2.2
2154	heuristic	j	435	3.34
2155	distributed	j	435	2.52
2156	discernible	j	434	1.64
2157	self-sufficiency	n	434	1.8
2158	stereotyping	n	434	2.17
2159	abstract	v	433	2.42
2160	hereditary	j	433	1.77
2161	habitual	j	433	1.67
2162	humanistic	j	433	2.52
2163	re-evaluate	v	433	1.52
2164	prior	r	433	1.68
2165	predate	v	432	1.69
2166	unaffected	j	431	1.6
2167	esoteric	j	430	1.72
2168	post-traumatic	j	427	1.69
2169	oriented	j	426	2.25
2170	actuality	n	426	2.0
2171	documented	j	425	1.9
2172	dearth	n	425	1.71
2173	uncontrolled	j	425	1.64
2174	commercialization	n	424	2.22
2175	aggregate	v	423	2.75
2176	anomalous	j	422	2.48
2177	ethically	r	421	1.69
2178	hitherto	r	421	2.21
2179	innumerable	j	420	1.52
2180	valued	j	420	2.02
2181	matching	n	419	2.05
2182	apex	n	419	1.56
2183	duplication	n	418	2.3
2184	encapsulate	v	417	2.14
2185	doubling	n	417	1.88
2186	broad-based	j	417	1.68
2187	harmonize	v	416	1.96
2188	ministerial	j	416	2.34
2189	inward	j	415	1.55
2190	infrequently	r	415	1.85
2191	innovator	n	415	1.51
2192	convergent	j	415	3.11
2193	Darwinian	j	415	2.34
2194	predictability	n	414	2.06
2195	inverted	j	413	1.61
2196	impractical	j	413	1.52
2197	altruistic	j	413	2.07
2198	parenthesis	n	412	2.04
2199	strengthening	n	412	2.11
2200	unambiguous	j	411	2.19
2201	intuitively	r	411	1.94
2202	reasoned	j	410	2.05
2203	purify	v	408	1.58
2204	aggressor	n	407	1.52
2205	self-evident	j	407	1.99
2206	vested	j	405	1.57
2207	traditionalist	n	404	1.62
2208	rigidity	n	403	1.84
2209	unanticipated	j	401	2.19
2210	unrestricted	j	401	1.5
2211	detriment	n	401	1.69
2212	eradication	n	401	1.85
2213	circumscribe	v	400	2.42
2214	amenable	j	399	2.03
2215	empowering	j	397	1.85
2216	instantaneous	j	397	1.7
2217	fore	n	396	1.51
2218	deconstruct	v	396	1.99
2219	dissimilar	j	396	2.2
2220	network	v	395	1.64
2221	unquestionably	r	394	1.52
2222	labeled	j	393	1.69
2223	legitimately	r	393	1.53
2224	ameliorate	v	392	2.47
2225	antagonistic	j	392	2.19
2226	hereafter	r	391	2.66
2227	puzzling	j	391	1.52
2228	preponderance	n	390	2.04
2229	generality	n	390	2.43
2230	commensurate	j	390	2.28
2231	dynamism	n	390	2.33
2232	sustenance	n	390	1.66
2233	disengagement	n	389	2.18
2234	rationally	r	389	1.84
2235	indefinite	j	388	1.57
2236	subordinate	v	388	2.69
2237	prompt	j	387	1.7
2238	contiguous	j	386	2.01
2239	centralization	n	385	2.97
2240	collected	j	385	1.61
2241	midpoint	n	385	2.05
2242	mistrust	n	385	1.54
2243	intangible	j	385	1.59
2244	inconclusive	j	384	1.62
2245	dispersed	j	384	2.43
2246	fallacy	n	382	1.77
2247	consultative	j	382	2.88
2248	justified	j	382	1.85
2249	unsatisfactory	j	382	1.81
2250	infrequent	j	381	1.78
2251	expert	j	379	1.63
2252	grounding	n	377	1.88
2253	definitively	r	376	1.71
2254	contrary	j	376	1.69
2255	succeeding	j	376	1.8
2256	superimpose	v	376	1.64
2257	redundancy	n	375	2.16
2258	accelerating	j	375	1.78
2259	domesticated	j	375	2.01
2260	interconnection	n	375	2.71
2261	prescriptive	j	375	2.86
2262	mainstream	n	374	1.51
2263	italics	n	374	2.56
2264	modulate	v	373	2.12
2265	flourishing	j	373	1.85
2266	encroachment	n	373	2.06
2267	affluence	n	373	1.73
2268	childbearing	j	372	1.86
2269	presenter	n	372	1.73
2270	rigorously	r	372	1.92
2271	recast	v	371	1.77
2272	inversely	r	371	3.04
2273	intensification	n	370	2.95
2274	rationalization	n	370	2.11
2275	polarity	n	370	2.56
2276	cognitively	r	370	3.13
2277	underdeveloped	j	370	2.11
2278	articulated	j	368	2.28
2279	preserving	j	368	1.6
2280	opportunistic	j	368	1.76
2281	centralize	v	367	2.26
2282	correspondingly	r	366	2.64
2283	inflationary	j	366	1.94
2284	long-lasting	j	366	1.54
2285	mediating	j	366	3.17
2286	labor-intensive	j	366	1.91
2287	hopelessness	n	366	1.52
2288	purification	n	365	1.84
2289	environmentalism	n	365	1.85
2290	reconfigure	v	365	1.81
2291	entanglement	n	364	1.86
2292	graphically	r	364	2.05
2293	revitalization	n	363	1.58
2294	oblique	j	362	1.73
2295	cardinal	j	362	1.53
2296	assumed	j	361	1.97
2297	nuanced	j	361	2.01
2298	conjecture	n	360	1.65
2299	shaping	j	360	2.23
2300	unequivocally	r	359	1.67
2301	buffer	v	359	2.32
2302	descending	j	359	1.58
2303	persistently	r	359	1.97
2304	dictate	n	358	2.03
2305	achievable	j	358	2.03
2306	succinctly	r	358	1.91
2307	redress	v	356	2.1
2308	equal	n	356	1.58
2309	non-white	n	356	2.19
2310	longer-term	j	355	1.59
2311	self-awareness	n	355	2.18
2312	suitability	n	355	2.49
2313	progressive	n	354	1.58
2314	popularly	r	353	2.02
2315	rectify	v	353	1.55
2316	redistribute	v	352	1.73
2317	distinctively	r	350	2.33
2318	drafting	n	350	1.71
2319	credence	n	350	1.59
2320	clustering	n	350	2.86
2321	arbitrarily	r	348	1.86
2322	exponentially	r	348	1.61
2323	passively	r	348	1.91
2324	symbiotic	j	348	2.15
2325	concise	j	347	1.81
2326	feudal	j	346	2.02
2327	query	v	346	1.68
2328	unbiased	j	346	1.85
2329	respectability	n	345	1.67
2330	shaping	n	345	2.23
2331	justifiable	j	345	1.73
2332	quadrant	n	344	1.76
2333	predominance	n	344	2.86
2334	cross-section	n	344	1.88
2335	detract	v	344	1.51
2336	conspicuously	r	344	1.52
2337	formalize	v	343	2.22
2338	undifferentiated	j	342	2.79
2339	redefinition	n	341	2.65
2340	interacting	j	339	3.04
2341	analogue	n	338	2.81
2342	sponsored	j	338	1.65
2343	amorphous	j	337	1.8
2344	exclusionary	j	337	2.16
2345	co-author	v	336	1.51
2346	mismatch	n	336	1.79
2347	synergy	n	336	1.6
2348	regress	v	335	2.09
2349	self-serving	j	335	1.63
2350	customized	j	335	1.59
2351	itinerant	j	334	1.86
2352	counterbalance	v	333	2.22
2353	subdivide	v	333	2.14
2354	ancillary	j	332	2.11
2355	crystallize	v	331	1.59
2356	exponential	n	331	2.16
2357	unrecognized	j	328	2.09
2358	explicate	v	327	2.86
2359	absent	v	327	1.56
2360	discord	n	326	1.52
2361	materially	r	326	2.08
2362	regenerate	v	326	1.57
2363	allowable	j	325	1.97
2364	acquiesce	v	324	1.59
2365	two-fold	j	324	2.53
2366	ascendancy	n	323	2.05
2367	asymmetrical	j	323	1.77
2368	critique	v	323	2.15
2369	framing	n	322	2.29
2370	functioning	j	321	1.7
2371	partition	v	321	2.05
2372	constructed	j	321	2.66
2373	fluid	j	320	1.52
2374	ever-increasing	j	319	1.75
2375	self-reliance	n	319	1.69
2376	meridian	n	318	1.53
2377	mosaic	j	318	1.65
2378	corrosive	j	317	1.74
2379	denigrate	v	316	1.55
2380	defensible	j	316	2.06
2381	objectionable	j	316	1.59
2382	reciprocate	v	316	1.61
2383	globalized	j	316	2.65
2384	twofold	r	316	2.12
2385	singularity	n	315	1.74
2386	recitation	n	315	1.54
2387	progeny	n	315	1.83
2388	pernicious	j	314	1.75
2389	intensively	r	314	2.0
2390	synonym	n	314	1.9
2391	vernacular	n	314	1.76
2392	unequivocal	j	313	1.67
2393	incipient	j	313	1.99
2394	inculcate	v	313	2.31
2395	fragment	v	312	1.87
2396	attenuate	v	312	2.69
2397	buttress	v	310	1.77
2398	disinterested	j	310	1.58
2399	reclamation	n	310	1.5
2400	networked	j	309	2.31
2401	acquiescence	n	309	2.05
2402	unsustainable	j	309	1.61
2403	well-developed	j	308	2.35
2404	instigate	v	308	1.63
2405	powerlessness	n	307	2.25
2406	dictum	n	307	1.95
2407	directed	j	307	2.21
2408	familiarize	v	306	2.08
2409	input	v	306	2.08
2410	untrained	j	306	1.6
2411	unwarranted	j	305	1.53
2412	impel	v	305	1.93
2413	outreach	v	305	1.96
2414	monopolize	v	305	2.02
2415	peculiarity	n	305	1.75
2416	burdensome	j	305	1.72
2417	disillusionment	n	304	1.69
2418	incompatibility	n	304	2.57
2419	unchanging	j	304	2.07
2420	nominally	r	303	1.94
2421	permanence	n	302	1.59
2422	illiteracy	n	302	1.76
2423	indoctrination	n	302	1.96
2424	ten-year	j	302	1.97
2425	stipulation	n	301	1.65
2426	re-evaluation	n	300	2.6
2427	meaningfully	r	299	2.08
2428	well-documented	j	299	1.76
2429	sequentially	r	298	2.67
2430	impinge	v	298	2.17
2431	circular	n	298	1.76
2432	concentric	j	298	1.72
2433	attainable	j	298	2.01
2434	bottleneck	n	297	1.54
2435	miscellaneous	j	297	1.57
2436	purported	j	297	1.6
2437	outgrowth	n	297	1.84
2438	satisfactorily	r	297	2.14
2439	panacea	n	296	1.57
2440	misperception	n	296	2.12
2441	indiscriminate	j	296	1.7
2442	extraneous	j	296	1.97
2443	fluctuating	j	294	2.2
2444	evolved	j	294	2.16
2445	axiom	n	294	1.85
2446	affiliated	j	294	1.77
2447	sender	n	294	1.74
2448	impurity	n	293	2.06
2449	invalid	j	293	1.91
2450	centrifugal	j	292	2.13
2451	forebear	n	292	1.63
2452	cursory	j	292	1.52
2453	interweave	v	290	1.83
2454	perpetuation	n	290	2.72
2455	reconstitute	v	290	1.62
2456	value-added	j	290	1.9
2457	usurp	v	289	1.51
2458	empathetic	j	289	1.75
2459	quantitatively	r	287	3.13
2460	granting	n	287	2.25
2461	henceforth	r	287	1.89
2462	conqueror	n	286	1.61
2463	annal	n	285	1.59
2464	landed	j	285	1.63
2465	preexist	v	284	2.39
2466	metrics	n	284	2.5
2467	eroding	j	284	1.59
2468	reversible	j	284	1.76
2469	spurious	j	284	2.14
2470	sup	v	282	1.79
2471	unproductive	j	282	1.84
2472	equivocal	j	282	2.61
2473	abundantly	r	282	1.56
2474	numerically	r	282	2.71
2475	misrepresentation	n	282	1.61
2476	inducement	n	281	1.73
2477	permissive	j	281	1.96
2478	normality	n	279	2.04
2479	derivation	n	279	2.64
2480	directorate	n	279	1.79
2481	unsuitable	j	279	1.68
2482	unchallenged	j	279	1.56
2483	selectivity	n	278	2.55
2484	heretofore	r	278	1.58
2485	homogenous	j	277	2.49
2486	purportedly	r	277	1.57
2487	simplification	n	277	2.08
2488	second-generation	j	277	1.76
2489	weakening	j	276	1.84
2490	demography	n	276	2.43
2491	divine	v	274	1.56
2492	retard	v	274	1.78
2493	regionally	r	274	2.05
2494	justly	r	273	1.71
2495	inflexible	j	272	1.74
2496	intensified	j	272	2.14
2497	purview	n	272	1.79
2498	judicious	j	271	1.69
2499	endogenous	j	271	3.26
2500	sequence	v	271	2.51
2501	unexplored	j	271	1.85
2502	unambiguously	r	270	2.44
2503	tabulate	v	270	2.02
2504	innermost	j	270	1.77
2505	one-dimensional	j	270	1.86
2506	predilection	n	269	2.02
2507	microcomputer	n	268	2.99
2508	inadequately	r	268	2.1
2509	adjudicate	v	268	2.07
2510	supposition	n	268	1.9
2511	weighting	n	268	2.63
2512	superfluous	j	267	1.51
2513	expound	v	267	1.6
2514	criminality	n	267	1.84
2515	amply	r	266	1.87
2516	apolitical	j	265	1.82
2517	crucially	r	264	2.22
2518	ordered	j	264	1.53
2519	occasion	v	263	2.02
2520	proximate	j	263	2.72
2521	irrigate	v	263	1.53
2522	exigency	n	262	2.38
2523	zero-sum	j	262	2.37
2524	upper-class	j	261	1.66
2525	offence	n	261	2.5
2526	harvesting	n	260	1.91
2527	separating	j	259	1.63
2528	elapse	v	258	1.6
2529	liberated	j	257	1.53
2530	perplexing	j	257	1.55
2531	opine	v	257	1.57
2532	nomenclature	n	257	2.26
2533	nationalization	n	257	2.1
2534	neuroscientist	n	256	2.01
2535	multiplier	n	256	2.09
2536	untenable	j	256	1.67
2537	word	v	255	1.52
2538	splitting	n	255	1.64
2539	demarcation	n	255	2.19
2540	degraded	j	255	2.08
2541	consequential	j	255	2.09
2542	antipathy	n	254	1.75
2543	dissociation	n	254	2.91
2544	inaccuracy	n	254	1.63
2545	reintegration	n	254	2.62
2546	superficially	r	253	2.1
2547	subsidiary	j	253	2.03
2548	subjectively	r	253	2.84
2549	proportionate	j	253	2.1
2550	re-examination	n	252	2.4
2551	illuminating	j	252	1.68
2552	invisibility	n	252	1.57
2553	deep-seated	j	251	1.69
2554	equalize	v	251	1.74
2555	well-designed	j	251	1.82
2556	associative	j	250	3.04
2557	above-mentioned	j	250	2.77
2558	imposed	j	250	2.45
2559	reforming	j	249	1.73
2560	usefully	r	247	2.49
2561	archive	v	247	1.94
2562	biochemistry	n	246	1.65
2563	communicating	j	246	2.42
2564	innovate	v	246	1.81
2565	interconnected	j	246	2.05
2566	motivating	j	245	2.09
2567	peculiarly	r	245	1.56
2568	constituted	j	245	2.32
2569	extrapolation	n	245	2.43
2570	enforced	j	244	1.61
2571	demarcate	v	244	2.51
2572	obviate	v	244	2.41
2573	hindrance	n	244	1.85
2574	sine	n	244	2.23
2575	uncritical	j	244	2.43
2576	unfolding	n	243	2.36
2577	overemphasize	v	243	2.3
2578	merging	n	243	2.08
2579	deprived	j	243	1.52
2580	comprehensively	r	242	2.39
2581	sizeable	j	242	1.71
2582	salutary	j	241	2.23
2583	unquestioned	j	241	1.79
2584	debatable	j	241	1.52
2585	distinguishable	j	241	2.24
2586	implausible	j	241	1.56
2587	counterintuitive	j	240	1.86
2588	transitory	j	239	1.97
2589	exploitative	j	238	2.09
2590	catalogue	v	238	1.53
2591	conclusively	r	238	1.64
2592	proclivity	n	238	1.79
2593	readable	j	237	1.54
2594	iterative	j	237	3.33
2595	aegis	n	237	1.58
2596	distributive	j	237	3.19
2597	inalienable	j	236	2.09
2598	laissez-faire	n	236	1.82
2599	preeminence	n	236	2.23
2600	switching	n	236	1.86
2601	summation	n	235	1.68
2602	reassessment	n	233	1.84
2603	proportionately	r	233	2.03
2604	progenitor	n	233	2.16
2605	interconnect	v	233	1.92
2606	individualist	n	232	2.23
2607	outmoded	j	232	1.59
2608	parlance	n	232	1.51
2609	analytically	r	232	2.85
2610	stricture	n	232	1.67
2611	tacitly	r	232	2.0
2612	vicarious	j	232	2.09
2613	discriminating	j	231	1.84
2614	undervalue	v	229	1.61
2615	state-sponsored	j	229	1.79
2616	interventionist	j	228	2.49
2617	heredity	n	228	2.04
2618	mitigating	j	227	1.99
2619	manifestly	r	226	2.13
2620	delineation	n	226	2.54
2621	abbreviation	n	226	1.96
2622	compendium	n	226	1.58
2623	state-level	j	226	2.76
2624	subpopulation	n	226	3.23
2625	verifiable	j	225	1.89
2626	justifiably	r	225	1.59
2627	insufficiently	r	224	1.98
2628	preconception	n	224	1.72
2629	polarized	j	224	1.73
2630	derivative	j	224	1.79
2631	forego	v	224	1.53
2632	veracity	n	224	1.64
2633	reformulate	v	224	2.36
2634	coordinating	j	223	1.89
2635	bracket	v	223	1.61
2636	paternalistic	j	223	2.05
2637	paternalism	n	222	2.23
2638	prohibitive	j	222	1.54
2639	reinterpretation	n	222	2.48
2640	unpredictability	n	222	1.54
2641	vitally	r	221	1.65
2642	immutable	j	221	1.8
2643	deletion	n	221	2.43
2644	declarative	j	220	2.62
2645	erroneously	r	220	1.86
2646	comparability	n	220	3.28
2647	stagnate	v	220	1.69
2648	consonant	j	219	2.82
2649	avail	v	219	1.59
2650	dissociate	v	218	2.5
2651	academician	n	217	2.19
2652	professionalization	n	216	2.95
2653	quantifiable	j	216	2.49
2654	deviance	n	215	2.72
2655	employed	j	215	2.11
2656	disincentive	n	214	1.81
2657	agreed-upon	j	214	2.18
2658	piecemeal	j	214	1.89
2659	tuning	n	214	1.55
2660	transformed	j	213	2.24
2661	oversimplify	v	213	2.04
2662	productively	r	212	2.14
2663	identifier	n	212	2.41
2664	interchangeably	r	212	2.47
2665	symbiosis	n	212	2.22
2666	submissive	j	211	1.56
2667	verbatim	r	211	1.85
2668	quarterly	r	211	1.92
2669	persuasively	r	211	2.12
2670	advisable	j	211	1.66
2671	obsolescence	n	210	2.16
2672	inclusiveness	n	209	2.1
2673	dynamically	r	209	2.8
2674	delimit	v	209	3.09
2675	appreciable	j	208	2.01
2676	psychoanalyst	n	208	1.81
2677	monogamous	j	207	1.5
2678	diminution	n	207	2.31
2679	formalized	j	207	2.7
2680	servitude	n	207	1.65
2681	constructively	r	206	2.15
2682	misinterpretation	n	206	2.08
2683	malleable	j	205	1.57
2684	minimization	n	205	3.23
2685	portability	n	205	1.82
2686	emotive	j	205	2.36
2687	dismantling	n	205	1.61
2688	tested	j	205	1.53
2689	rooted	j	204	1.56
2690	concealment	n	204	1.56
2691	preconceived	j	204	1.64
2692	laudable	j	204	1.69
2693	imprecise	j	204	1.76
2694	permeable	j	203	2.4
2695	catalyze	v	203	2.39
2696	append	v	203	2.24
2697	successively	r	203	2.43
2698	unattainable	j	202	1.63
2699	peer-reviewed	j	200	2.12
2700	onwards	r	200	2.57
2701	inadvertent	j	200	1.56
2702	manifold	j	200	2.18
2703	proportionally	r	199	2.28
2704	receptivity	n	199	2.35
2705	cross-national	j	199	3.29
2706	proscribe	v	198	2.25
2707	profitably	r	198	1.92
2708	moralistic	j	198	2.02
2709	de-emphasize	v	197	2.16
2710	dispensation	n	197	1.79
2711	self-sacrifice	n	197	2.07
2712	recovered	j	196	1.85
2713	requisite	n	196	2.21
2714	urbanized	j	195	2.33
2715	expediency	n	195	1.68
2716	exclusivity	n	195	1.58
2717	germane	j	195	1.84
2718	self-help	n	194	1.55
2719	linking	n	193	2.55
2720	nebulous	j	193	1.8
2721	appreciably	r	193	2.06
2722	laborious	j	190	1.52
2723	inhospitable	j	189	1.51
2724	rethinking	n	189	1.83
2725	unanimity	n	188	1.59
2726	pervasiveness	n	188	2.29
2727	archeological	j	188	1.83
2728	skewed	j	187	1.51
2729	add-on	j	186	1.7
2730	near-term	j	186	1.77
2731	methodologically	r	186	3.27
2732	irreconcilable	j	186	1.64
2733	impute	v	185	2.44
2734	energetically	r	185	1.51
2735	enumeration	n	185	2.88
2736	culpability	n	185	1.5
2737	customarily	r	185	1.67
2738	expedient	j	184	1.71
2739	complicating	j	184	1.7
2740	inimical	j	184	2.52
2741	salaried	j	184	1.57
2742	weighing	n	184	1.63
2743	well-organized	j	184	1.57
2744	rejected	j	183	1.53
2745	nested	j	183	2.48
2746	mediated	j	182	2.72
2747	irrelevance	n	182	1.95
2748	modus	n	181	1.59
2749	postulate	n	181	2.93
2750	firstly	r	181	1.75
2751	reorder	v	181	2.09
2752	upsurge	n	181	1.7
2753	ritualized	j	180	2.5
2754	ubiquity	n	180	2.04
2755	disentangle	v	180	1.9
2756	non-competitive	j	180	2.21
2757	predetermine	v	179	2.3
2758	idiosyncrasy	n	179	1.53
2759	fortuitous	j	179	1.57
2760	summarily	r	179	1.54
2761	unexamined	j	179	1.94
2762	uncritically	r	178	2.61
2763	testable	j	178	2.93
2764	functionary	n	178	1.56
2765	permeability	n	177	3.19
2766	needed	j	177	1.57
2767	discontinuous	j	177	2.86
2768	destabilization	n	177	2.25
2769	city-state	n	177	1.87
2770	singly	r	177	1.83
2771	regenerative	j	177	2.17
2772	vicissitude	n	177	2.05
2773	unjustified	j	176	1.54
2774	paleolithic	j	176	2.3
2775	enmesh	v	175	1.67
2776	second-order	j	175	3.24
2777	succinct	j	174	1.5
2778	funder	n	174	1.63
2779	irrationality	n	173	2.16
2780	meaningfulness	n	173	3.26
2781	disorganization	n	173	2.25
2782	bylaw	n	173	1.61
2783	blurring	n	173	1.96
2784	demonstrable	j	172	2.31
2785	enquiry	n	172	2.24
2786	enabling	j	172	2.47
2787	neurosis	n	172	1.61
2788	opacity	n	171	1.94
2789	industrialize	v	171	2.35
2790	demographically	r	171	2.18
2791	unconnected	j	171	1.7
2792	truism	n	171	1.61
2793	undefined	j	170	1.71
2794	discredited	j	170	1.61
2795	disenchantment	n	170	1.67
2796	male-female	j	170	1.96
2797	hierarchically	r	170	3.36
2798	reconfiguration	n	170	2.45
2799	globalize	v	169	2.53
2800	incrementally	r	169	1.69
2801	interdependency	n	168	3.0
2802	ostensible	j	168	1.82
2803	edited	j	168	1.83
2804	apathetic	j	168	1.54
2805	tabulation	n	168	2.33
2806	conjecture	v	167	2.17
2807	constrained	j	167	2.53
2808	duplicate	j	167	1.62
2809	institutionally	r	166	2.46
2810	incapacity	n	166	2.3
2811	gender-specific	j	166	2.57
2812	truncated	j	166	1.78
2813	venerate	v	165	1.83
2814	impartiality	n	165	1.82
2815	disallow	v	165	1.68
2816	demonstrably	r	164	1.78
2817	derived	j	164	3.19
2818	all-encompassing	j	164	1.75
2819	originator	n	163	1.62
2820	positivist	j	163	3.19
2821	panoply	n	162	1.66
2822	betterment	n	162	1.65
2823	diametrically	r	162	1.89
2824	disproportionately	r	162	1.83
2825	unknowable	j	162	1.5
2826	self-defeating	j	162	1.82
2827	constancy	n	161	1.78
2828	identifying	j	160	1.64
2829	maximization	n	160	3.18
2830	inequitable	j	159	2.4
2831	ingrained	j	159	1.58
2832	broadening	n	159	2.55
2833	decentralize	v	159	2.18
2834	first-order	j	159	3.26
2835	stabilizing	j	159	1.95
2836	sufficiency	n	158	2.43
2837	supported	j	158	2.22
2838	sending	n	158	1.76
2839	unrealized	j	158	1.82
2840	cogent	j	158	1.65
2841	autonomously	r	158	2.6
2842	corrected	j	157	2.23
2843	ineffectiveness	n	157	2.25
2844	vagueness	n	157	1.8
2845	reconstructed	j	156	1.73
2846	prejudicial	j	156	1.79
2847	amalgamation	n	156	2.28
2848	unacknowledged	j	155	1.93
2849	unidimensional	j	155	3.39
2850	unsound	j	154	1.76
2851	representativeness	n	154	3.01
2852	extractive	j	154	2.4
2853	add-on	n	153	1.67
2854	sponsoring	j	153	2.39
2855	remuneration	n	152	2.37
2856	professed	j	152	1.84
2857	prefix	n	151	2.11
2858	contextually	r	151	3.28
2859	refutation	n	151	2.06
2860	transference	n	151	1.92
2861	traceable	j	150	1.82
2862	unsupported	j	150	1.71
2863	biweekly	r	150	1.62
2864	excluded	j	150	2.49
2865	preset	j	150	2.03
2866	fourfold	j	150	2.12
2867	normalized	j	149	2.7
2868	dovetail	v	149	1.6
2869	timeliness	n	149	2.19
2870	reformulation	n	149	3.16
2871	contained	j	148	1.59
2872	capitulation	n	147	1.6
2873	equitably	r	147	1.96
2874	multilingual	j	147	1.91
2875	legalistic	j	147	2.04
2876	reactivate	v	146	1.58
2877	disrupted	j	146	1.81
2878	conflictual	j	146	3.3
2879	annotate	v	146	1.79
2880	aberrant	j	145	1.64
2881	class	v	145	1.73
2882	two-stage	j	145	2.46
2883	yielding	j	145	1.58
2884	undermining	n	144	2.28
2885	subservient	j	144	1.69
2886	affirmatively	r	144	2.08
2887	prohibitively	r	144	1.61
2888	card	v	143	1.6
2889	converse	n	143	1.8
2890	soundness	n	143	1.78
2891	two-step	j	142	2.14
2892	egocentric	j	142	2.19
2893	oversimplification	n	142	2.05
2894	participative	j	142	3.25
2895	dissimilarity	n	141	2.92
2896	aver	v	141	1.8
2897	self-preservation	n	141	1.5
2898	expropriate	v	140	2.3
2899	propound	v	140	2.28
2900	long-established	j	140	1.65
2901	husbandry	n	140	1.81
2902	monopolistic	j	139	1.88
2903	comparably	r	139	2.0
2904	sterility	n	139	1.61
2905	requested	j	138	1.59
2906	unimpeded	j	138	1.53
2907	ferment	n	138	1.64
2908	parsimonious	j	138	2.61
2909	principality	n	138	1.71
2910	rapidity	n	137	1.87
2911	homogenization	n	137	2.58
2912	gradation	n	137	1.59
2913	imperfectly	r	137	1.75
2914	irregularly	r	137	1.54
2915	reintegrate	v	137	2.04
2916	threefold	r	137	2.18
2917	underestimation	n	136	2.77
2918	recoverable	j	136	2.0
2919	rearrangement	n	136	2.15
2920	poignantly	r	136	1.68
2921	centered	j	136	1.61
2922	injurious	j	135	1.96
2923	changeable	j	134	1.58
2924	concomitantly	r	134	3.26
2925	bifurcation	n	134	2.67
2926	abbreviate	v	134	1.78
2927	self-selected	j	134	2.74
2928	universal	n	134	2.83
2929	incorporated	j	133	2.07
2930	readjustment	n	133	1.94
2931	conditional	n	132	2.61
2932	disassociate	v	132	1.5
2933	unhelpful	j	132	1.64
2934	unsurprisingly	r	131	1.78
2935	fine-grained	j	130	2.23
2936	prompting	n	130	1.68
2937	military-industrial	j	130	1.69
2938	post-industrial	j	129	1.78
2939	pragmatically	r	129	2.33
2940	disequilibrium	n	129	3.03
2941	unavoidably	r	129	2.0
2942	militate	v	128	2.72
2943	multilayered	j	127	1.87
2944	metallurgy	n	127	2.53
2945	inverse	n	127	2.68
2946	uncontested	j	127	1.63
2947	reestablishment	n	127	2.7
2948	secondarily	r	126	2.15
2949	vexing	j	126	1.52
2950	misalignment	n	126	2.71
2951	existent	j	126	2.64
2952	cause-and-effect	j	126	2.46
2953	entangled	j	125	1.69
2954	programmed	j	125	1.9
2955	impure	j	124	1.7
2956	disposed	j	124	1.8
2957	relativist	n	124	2.29
2958	reinterpret	v	123	2.08
2959	systematize	v	123	2.83
2960	xenophobic	j	123	1.6
2961	market-driven	j	123	1.98
2962	arc	v	122	1.65
2963	converging	j	121	2.06
2964	militaristic	j	121	1.72
2965	modelling	n	120	2.82
2966	intermingle	v	120	1.56
2967	isolating	j	120	1.7
2968	copying	n	120	1.67
2969	falsity	n	120	2.06
2970	searchable	j	120	1.73
2971	self-improvement	n	119	1.96
2972	embedding	n	119	2.37
2973	reaffirmation	n	119	2.13
2974	reappraisal	n	118	1.86
2975	propitious	j	118	1.73
2976	depredation	n	118	1.74
2977	denigration	n	118	2.35
2978	arguable	j	118	1.76
2979	proliferating	j	117	2.1
2980	functionalist	n	117	2.93
2981	separable	j	117	2.77
2982	rejoinder	n	117	1.68
2983	upper-level	j	116	1.97
2984	unstated	j	116	1.69
2985	high-value	j	116	1.6
2986	interpolation	n	116	3.05
2987	bibliographic	j	116	2.84
2988	differentiating	j	116	2.94
2989	abortive	j	115	1.6
2990	anatomically	r	115	1.65
2991	maximally	r	115	2.7
2992	proscription	n	115	2.37
2993	patent	j	115	1.58
2994	purchased	j	115	1.55
2995	non-professional	j	115	2.4
2996	unidirectional	j	115	2.94
2997	redirection	n	115	2.53
2998	reversion	n	115	2.13
2999	obtainable	j	114	2.1
3000	privation	n	114	1.73
3001	inborn	j	114	1.68
3002	bimonthly	r	114	1.6
3003	capitalistic	j	113	1.71
3004	circumscribed	j	113	2.62
3005	targeting	n	113	1.57
3006	unusable	j	112	1.61
3007	unpalatable	j	112	1.53
3008	causally	r	112	2.99
3009	prioritization	n	112	2.91
3010	overemphasis	n	112	2.48
3011	imprimatur	n	111	1.54
3012	coherently	r	111	2.23
3013	component	j	111	2.88
3014	tangential	j	111	1.95
3015	relevancy	n	111	2.21
